month,year,house_value,mortgage_balance,down_payment_gap_balance,homeowner_net_worth,homeowner_with_family_gift_net_worth,homeowner_stock_portfolio,gifted_homeowner_stock_portfolio,homeowner_stock_contribution,gifted_homeowner_stock_contribution,stock_net_worth,gross_stock_portfolio,stock_loan_balance,monthly_rent,stock_contribution,renter_spendable_cash,homeowner_spendable_cash,gifted_homeowner_spendable_cash
0,0.0,1700000,1300000,300000,100000,400000,0.0,0.0,0.0,0.0,100000,300000,200000,7500,0.0,0.0,0.0,0.0
1,0.08333333333333333,1705154.8228998452,1296755.8617168586,299166.6666666667,111832.29451631993,410998.9611829866,2600.0,2600.0,2600,2600,104697.92368174842,304430.20903300104,199732.28535125262,7500.0,2500,997.3234711652535,1066.6666666666665,1900
2,0.16666666666666666,1710325.2765050603,1293501.1029691608,298333.3333333334,123707.56868085213,422040.9020141855,5216.728478286009,5216.728478286009,2600,2600,109425.33526211663,308888.922164314,199463.5869021974,7500.0,2500,997.3234711652535,1066.6666666666665,1900
3,0.25,1715511.4082118322,1290235.688988269,297500.00000000006,135626.01228995406,433126.0122899541,7850.293066391014,7850.293066391014,2600,2600,114182.42175261001,313376.3227901657,199193.9010375557,7500.0,2500,997.3234711652535,1066.6666666666665,1900
4,0.3333333333333333,1720713.2655600652,1286959.5848917228,296666.66666666674,147587.81609002818,444254.4827566949,10500.802088352524,10500.802088352524,2600,2600,118969.37135799631,317892.5954867598,198923.22412876348,7500.0,2500,997.3234711652535,1066.6666666666665,1900
5,0.4166666666666667,1725930.896233816,1283672.755682865,295833.33333333343,159593.17178278574,455426.50511611917,13168.36456516817,13168.36456516817,2600,2600,123786.3734839464,322437.92601786874,198651.55253392234,7500.0,2500,997.3234711652535,1066.6666666666665,1900
6,0.5,1731164.3480617316,1280375.166250469,295000.0000000001,171642.27203054246,466642.2720305426,15853.090219279966,15853.090219279966,2600,2600,128633.61874472414,327012.5013424748,198378.88259775063,7500.0,2500,997.3234711652535,1066.6666666666665,1900
7,0.5833333333333334,1736413.669017487,1277066.7813683627,294166.6666666668,183735.31046154487,477901.97712821164,18555.089479087415,18555.089479087415,2600,2600,133511.2989709255,331616.50962245977,198105.21065153426,7500.0,2500,997.3234711652535,1066.6666666666665,1900
8,0.6666666666666666,1741678.9072202255,1273747.565695053,293333.3333333335,195872.48167532877,489205.81500866223,21274.47348348967,21274.47348348967,2600,2600,138419.6072172676,336250.1402303449,197830.5330130773,7500.0,2500,997.3234711652535,1066.6666666666665,1900
9,0.75,1746960.1109349998,1270417.483773348,292500.0000000002,208053.98124810858,500553.9812481088,24011.35408645691,24011.35408645691,2600,2600,143358.73777042734,340913.5837570798,197554.84598665245,7500.0,2500,997.3234711652535,1066.6666666666665,1900
10,0.8333333333333334,1752257.328573214,1267076.5000299779,291666.66666666686,220280.00573820027,511946.67240486713,26765.84386163113,26765.84386163113,2600,2600,148328.88615693068,345607.032019882,197278.14586295132,7500.0,2500,997.3234711652535,1066.6666666666665,1900
11,0.9166666666666666,1757570.6086930672,1263724.5787752154,290833.33333333355,232550.75269147474,523384.0860248083,29538.056106956516,29538.056106956516,2600,2600,153330.24915109234,350330.67807012686,197000.42891903452,7500.0,2500,997.3234711652535,1066.6666666666665,1900
12,1.0,1762900.0,1260361.6842024943,290000.00000000023,244866.42064684507,534866.4206468454,32328.104849339645,32328.104849339645,2600,2600,158363.02478300646,355084.716201288,196721.69141828152,7500.0,2500,997.3234711652535,1066.6666666666665,1900
13,1.0833333333333333,1768245.5513471395,1256987.7803880272,289166.6666666669,257227.20914178505,546393.875808452,35136.104849339645,35136.104849339645,2600,2600,163427.41234658854,359869.34195692907,196441.92961034054,7650.0,2500,847.3234711652535,1066.6666666666665,1900
14,1.1666666666666667,1773607.3117357476,1253602.8312904213,288333.3333333336,269633.3187178812,557966.6520512148,37962.171605888536,37962.171605888536,2600,2600,168523.61240766925,364684.7521387471,196161.13973107783,7650.0,2500,847.3234711652535,1066.6666666666665,1900
15,1.25,1778985.3303156702,1250206.800750294,287500.0000000003,282084.9509264179,569584.9509264182,40806.42136104194,40806.42136104194,2600,2600,173651.82681213962,369531.1448146669,195879.31800252726,7650.0,2500,847.3234711652535,1066.6666666666665,1900
16,1.3333333333333333,1784379.6563857878,1246799.652489886,286666.666666667,294582.3083339952,581248.9750006623,43668.97110476037,43668.97110476037,2600,2600,178812.25869414915,374408.7193269885,195596.46063283936,7650.0,2500,847.3234711652535,1066.6666666666665,1900
17,1.4166666666666667,1789790.3393944674,1243381.3501126738,285833.33333333366,307125.5945281812,592958.9278615149,46549.93857972127,46549.93857972127,2600,2600,184005.11248435578,379317.67630058614,195312.56381623037,7650.0,2500,847.3234711652535,1066.6666666666665,1900
18,1.5,1795217.4289400158,1239951.8571029818,285000.00000000035,319715.0141231957,604715.0141231961,49449.442286162004,49449.442286162004,2600,2600,189230.59391822974,384258.21765116067,195027.62373293092,7650.0,2500,847.3234711652535,1066.6666666666665,1900
19,1.5833333333333333,1800660.9747711343,1236511.1368255913,284166.66666666704,332350.77276563004,616517.439432297,52367.60148675405,52367.60148675405,2600,2600,194488.91004440965,389230.5465935445,194741.63654913483,7650.0,2500,847.3234711652535,1066.6666666666665,1900
20,1.6666666666666667,1806121.0267873742,1233059.1525253493,283333.3333333337,345033.07714019966,628366.4104735333,55304.536211508486,55304.536211508486,2600,2600,199780.26923311315,394234.86765006045,194454.5984169473,7650.0,2500,847.3234711652535,1066.6666666666665,1900
21,1.75,1811597.635039595,1229595.867326776,282500.0000000004,357762.1349755316,640262.1349755321,58260.36726271311,58260.36726271311,2600,2600,205104.88118460085,399271.3866589342,194166.50547433333,7650.0,2500,847.3234711652535,1066.6666666666665,1900
22,1.8333333333333333,1817090.849730423,1226121.244233671,281666.6666666671,370538.15504998603,652204.8217166531,61235.21621990126,61235.21621990126,2600,2600,210462.95693769492,404340.31078276056,193877.35384506563,7650.0,2500,847.3234711652535,1066.6666666666665,1900
23,1.9166666666666667,1822600.721214711,1222635.2461287181,280833.3333333338,383361.3471975117,664194.6805308455,64229.205444852676,64229.205444852676,2600,2600,215854.70887835245,409441.848517025,193587.13963867255,7650.0,2500,847.3234711652535,1066.6666666666665,1900
24,2.0,1828127.3000000003,1219137.8357730883,280000.00000000047,396231.92231353803,676231.9223135385,67242.45808662646,67242.45808662646,2600,2600,221280.3507482933,414576.209698679,193295.85895038568,7650.0,2500,847.3234711652535,1066.6666666666665,1900
25,2.0833333333333335,1833670.636746984,1215628.9758060426,279166.66666666715,409150.0923609007,688316.7590275679,70275.09808662646,70275.09808662646,2600,2600,226740.09765368403,419743.60551477136,193003.50786108733,7803.0,2500,694.3234711652535,1066.6666666666665,1900
26,2.1666666666666665,1839230.7822699705,1212108.6287445326,278333.33333333384,422116.07037580333,700449.4037091372,73327.25018369926,73327.25018369926,2600,2600,232234.16607387702,424944.2485111348,192710.0824372578,7803.0,2500,694.3234711652535,1066.6666666666665,1900
27,2.25,1844807.78753735,1208576.7569828,277500.0000000005,435130.0704738144,712630.070473815,76399.03991926493,76399.03991926493,2600,2600,237762.77387020577,430178.3526011282,192415.57873092245,7803.0,2500,694.3234711652535,1066.6666666666665,1900
28,2.3333333333333335,1850401.7036720621,1205033.3227919757,276666.6666666672,448192.3078559001,724858.9745225674,79490.59364248085,79490.59364248085,2600,2600,243326.14029483698,435446.1330744356,192119.9927795986,7803.0,2500,694.3234711652535,1066.6666666666665,1900
29,2.4166666666666665,1856012.581952063,1201478.288319675,275833.3333333339,461302.9988144926,737136.3321478264,82602.03851543862,82602.03851543862,2600,2600,248924.48599967887,440747.80660592107,191823.3206062422,7803.0,2500,694.3234711652535,1066.6666666666665,1900
30,2.5,1861640.4738107966,1197911.6155895954,275000.0000000006,474462.36073959526,749462.3607395958,85733.50251839461,85733.50251839461,2600,2600,254558.03304534726,446083.59126454155,191525.5582191943,7803.0,2500,694.3234711652535,1066.6666666666665,1900
31,2.5833333333333335,1867285.4308376664,1194333.266501109,274166.66666666727,487670.612124924,761837.2787915913,88885.11445503403,88885.11445503403,2600,2600,260227.00491018873,451453.7065223161,191226.70161212736,7803.0,2500,694.3234711652535,1066.6666666666665,1900
32,2.6666666666666665,1872947.5047785072,1190743.2028288573,273333.33333333395,500927.97257408465,774261.3059074186,92057.00395776881,92057.00395776881,2600,2600,265931.62649936194,456858.3732633533,190926.7467639914,7803.0,2500,694.3234711652535,1066.6666666666665,1900
33,2.75,1878626.7475360602,1187141.386222341,272500.00000000064,514234.6628067882,786734.6628067889,95249.3014930698,95249.3014930698,2600,2600,271672.12415397714,462297.8137929369,190625.6896389598,7803.0,2500,694.3234711652535,1066.6666666666665,1900
34,2.8333333333333335,1884323.2111704487,1183527.7782055119,271666.6666666673,527590.9046651025,799257.5713317698,98462.13836683301,98462.13836683301,2600,2600,277448.72566029435,467772.2518466694,190323.52618637506,7803.0,2500,694.3234711652535,1066.6666666666665,1900
35,2.9166666666666665,1890036.9478996554,1179902.3401763607,270833.333333334,540996.9211197413,811830.2544530754,101695.64672978054,101695.64672978054,2600,2600,283261.6602589807,473281.912599675,190020.2523406943,7803.0,2500,694.3234711652535,1066.6666666666665,1900
36,3.0,1895768.0101000005,1176265.0334065056,270000.0000000007,554452.9362763905,824452.9362763911,104949.95958289622,104949.95958289622,2600,2600,289111.1586544268,478827.0226758613,189715.86402143454,7803.0,2500,694.3234711652535,1066.6666666666665,1900
37,3.0833333333333335,1901516.4503066225,1172615.819040778,269166.6666666674,567959.1753820733,837125.8420487407,108225.21078289622,108225.21078289622,2600,2600,294997.45302412333,484407.8101572411,189410.35713311777,7959.060000000001,2500,538.2634711652522,1066.6666666666665,1900
38,3.1666666666666665,1907282.3212139595,1168954.6580968075,268333.33333333407,581515.8648315527,849849.1981648868,111521.53504773484,111521.53504773484,2600,2600,300920.7770280977,490024.5045933136,189103.7275652159,7959.060000000001,2500,538.2634711652522,1066.6666666666665,1900
39,3.25,1913065.6756762322,1165281.5114646058,267500.00000000076,595123.2321737714,862623.2321737722,114839.06796214577,114839.06796214577,2600,2600,306881.365818411,495677.3370105065,188795.97119209546,7959.060000000001,2500,538.2634711652522,1066.6666666666665,1900
40,3.3333333333333335,1918866.5667079284,1161596.3399061484,266666.66666666744,608781.5061183316,875448.172784999,118177.94598321895,118177.94598321895,2600,2600,312879.4560487163,501366.53992167837,188487.08387296204,7959.060000000001,2500,538.2634711652522,1066.6666666666665,1900
41,3.4166666666666665,1924685.0474842892,1157899.1040549558,265833.3333333341,622490.9165420126,888324.2498753467,121538.30644601333,121538.30644601333,2600,2600,318915.28588387807,507092.34733568266,188177.0614518046,7959.060000000001,2500,538.2634711652522,1066.6666666666665,1900
42,3.5,1930521.171341796,1154189.764415673,265000.0000000008,636251.694495328,901251.6944953287,124920.2875692058,124920.2875692058,2600,2600,324989.09500965325,512854.99476699275,187865.89975733953,7959.060000000001,2500,538.2634711652522,1066.6666666666665,1900
43,3.5833333333333335,1936374.9917786599,1150468.2813636474,264166.6666666675,650064.0722091213,914230.7388757888,128324.02846077636,128324.02846077636,2600,2600,331101.12464243465,518654.7192453892,187553.5946029546,7959.060000000001,2500,538.2634711652522,1066.6666666666665,1900
44,3.6666666666666665,1942246.5624553117,1146734.6151445056,263333.3333333342,663928.2831012018,927261.616434536,131749.66912372992,131749.66912372992,2600,2600,337251.6175390569,524491.7593257094,187240.14178665253,7959.060000000001,2500,538.2634711652522,1066.6666666666665,1900
45,3.75,1948135.937194894,1142988.7258737287,262500.0000000009,677844.5617830193,940344.5617830203,135197.35046185498,135197.35046185498,2600,2600,343440.8180066652,530366.3550976597,186925.5370909945,7959.060000000001,2500,538.2634711652522,1066.6666666666665,1900
46,3.8333333333333335,1954043.169983755,1139230.5735362265,261666.66666666753,691813.1440663802,953479.8107330478,138667.21428551924,138667.21428551924,2600,2600,349668.9719126475,536278.7481956909,186609.77628304347,7959.060000000001,2500,538.2634711652522,1066.6666666666665,1900
47,3.9166666666666665,1959968.3149719425,1135460.1179859093,260833.3333333342,705834.2669702015,966667.6003035357,142159.40331750255,142159.40331750255,2600,2600,355936.3266946299,542229.181808937,186292.85511430708,7959.060000000001,2500,538.2634711652522,1066.6666666666665,1900
48,4.0,1965911.4264737004,1131677.31894526,260000.00000000084,719908.1687273071,979908.1687273079,145674.06119886748,145674.06119886748,2600,2600,362243.13137053757,548217.9006912182,185974.7693206806,7959.060000000001,2500,538.2634711652522,1066.6666666666665,1900
49,4.083333333333333,1971872.5589679675,1127882.1360049034,259166.6666666675,734035.0887912642,993201.7554579317,149211.33249486747,149211.33249486747,2600,2600,368589.6365487188,554245.1511711084,185655.5146223896,8118.2411999999995,2500,379.08227116525404,1066.6666666666665,1900
50,4.166666666666667,1977851.767098876,1124074.5286231742,258333.33333333416,748215.2678432608,1006548.601176595,152771.3627008932,152771.3627008932,2600,2600,374976.09443813446,560311.1811620666,185335.08672393215,8118.2411999999995,2500,379.08227116525404,1066.6666666666665,1900
51,4.25,1983849.1056762529,1120254.4561256843,257500.00000000081,762448.9477990248,1019948.9477990256,156354.298248457,156354.298248457,2600,2600,381402.75885861367,566416.240172635,185013.4813140213,8118.2411999999995,2500,379.08227116525404,1066.6666666666665,1900
52,4.333333333333333,1989864.629676122,1116421.8777048886,256666.66666666747,776736.371815782,1033403.0384824495,159960.28651121602,159960.28651121602,2600,2600,387869.8852511737,572560.5793167006,184690.69406552688,8118.2411999999995,2500,379.08227116525404,1066.6666666666665,1900
53,4.416666666666667,1995898.3942412082,1112576.7524196482,255833.33333333413,791077.7842992598,1046911.117632594,163589.47581103398,163589.47581103398,2600,2600,394377.7306884079,578744.4513238253,184366.72063541735,8118.2411999999995,2500,379.08227116525404,1066.6666666666665,1900
54,4.5,2001950.4546814428,1108719.0391947941,255000.0000000008,805473.4309107297,1060473.4309107305,167242.01542408185,167242.01542408185,2600,2600,400926.55388493877,584968.1105496401,184041.55666470138,8118.2411999999995,2500,379.08227116525404,1066.6666666666665,1900
55,4.583333333333333,2008020.8664744708,1104848.6968206875,254166.66666666744,819923.558574094,1074090.2252407614,170918.05558697807,170918.05558697807,2600,2600,407516.61520793923,591231.8129863084,183715.19777836913,8118.2411999999995,2500,379.08227116525404,1066.6666666666665,1900
56,4.666666666666667,2014109.6852661588,1100965.68395278,253333.3333333341,834428.4154830127,1087761.7488163467,174617.74750296792,174617.74750296792,2600,2600,414148.1766877208,597535.8162730542,183387.63958533344,8118.2411999999995,2500,379.08227116525404,1066.6666666666665,1900
57,4.75,2020216.9668711058,1097069.959111172,252500.00000000076,848988.2511080762,1101488.251108077,178341.243348143,178341.243348143,2600,2600,420821.5020283897,603880.3797067605,183058.8776783708,8118.2411999999995,2500,379.08227116525404,1066.6666666666665,1900
58,4.833333333333333,2026342.7672731546,1093161.4806801695,251666.6666666674,863603.316204018,1115269.9828706854,182088.6962777004,182088.6962777004,2600,2600,427536.85661857214,610265.7642526341,182728.90763406196,8118.2411999999995,2500,379.08227116525404,1066.6666666666665,1900
59,4.916666666666667,2032487.1426259049,1089240.2069078397,250833.33333333407,878273.8628169735,1129107.1961503075,185860.2604322424,185860.2604322424,2600,2600,434294.5075422074,616692.2325549398,182397.72501273244,8118.2411999999995,2500,379.08227116525404,1066.6666666666665,1900
60,5.0,2038650.1492532277,1085306.0959055645,250000.00000000073,893000.144291779,1143000.1442917797,189656.09094411653,189656.09094411653,2600,2600,441094.7235894108,623160.0489478036,182065.3253583928,8118.2411999999995,2500,379.08227116525404,1066.6666666666665,1900
61,5.083333333333333,2044831.8436497827,1081359.1056475935,249166.66666666738,907782.4152793183,1156949.0819459858,193476.34394379653,193476.34394379653,2600,2600,447937.7752674063,629669.479466085,181731.70419867866,8280.606024,2500,216.7174471652529,1066.6666666666665,1900
62,5.166666666666667,2051032.2824815349,1077399.193970595,248333.33333333404,922620.9317439101,1170954.265077244,197321.1765663043,197321.1765663043,2600,2600,454823.93481152935,636220.79185632,181396.85704479064,8280.606024,2500,216.7174471652529,1066.6666666666665,1900
63,5.25,2057251.5225862747,1073426.3185732055,247500.0000000007,937515.9509707417,1185015.9509707424,201190.7469576732,201190.7469576732,2600,2600,461753.4761963,642814.2555877338,181060.7793914338,8280.606024,2500,216.7174471652529,1066.6666666666665,1900
64,5.333333333333333,2063489.6209741388,1069440.437015578,246666.66666666736,952467.7315733465,1199134.398240014,205085.21428145294,205085.21428145294,2600,2600,468726.6751465675,649450.1418633247,180723.46671675713,8280.606024,2500,216.7174471652529,1066.6666666666665,1900
65,5.416666666666667,2069746.6348281333,1065441.506718928,245833.333333334,967476.5335011276,1213309.8668344617,209004.73872525632,209004.73872525632,2600,2600,475743.8091487267,656128.7236310194,180384.91448229266,8280.606024,2500,216.7174471652529,1066.6666666666665,1900
66,5.5,2076022.6215046565,1061429.4849650797,245000.00000000067,982542.6180469241,1227542.618046925,212949.481507348,212949.481507348,2600,2600,482805.157462005,662850.2755948994,180045.11813289445,8280.606024,2500,216.7174471652529,1066.6666666666665,1900
67,5.583333333333333,2082317.6385340265,1057404.328896009,244166.66666666733,997666.2478546262,1241832.9145212935,216919.6048832759,216919.6048832759,2600,2600,489911.00112982385,669615.074226501,179704.07309667722,8280.606024,2500,216.7174471652529,1066.6666666666665,1900
68,5.666666666666667,2088631.7436210068,1053365.9955133852,243333.33333333398,1012847.6869268327,1256181.0202601666,220915.27215254493,220915.27215254493,2600,2600,497061.6229912316,676423.3977761866,179361.77478495493,8280.606024,2500,216.7174471652529,1066.6666666666665,1900
69,5.75,2094964.9946453369,1049314.4416781128,242500.00000000064,1028087.2006325574,1270587.200632558,224936.64766533402,224936.64766533402,2600,2600,504257.3076924104,683275.5262845894,179018.21859217898,8280.606024,2500,216.7174471652529,1066.6666666666665,1900
70,5.833333333333333,2101317.4496622616,1045249.6241098703,241666.6666666673,1043385.05571498,1285051.7223816474,228983.896829256,228983.896829256,2600,2600,511498.3416982567,690171.741594133,178673.39989587624,8280.606024,2500,216.7174471652529,1066.6666666666665,1900
71,5.916666666666667,2107689.1669030637,1041171.4993866473,240833.33333333395,1058741.5202992437,1299574.8536325777,233057.18611616135,233057.18611616135,2600,2600,518785.0133040363,697112.3273606232,178327.31405658688,8280.606024,2500,216.7174471652529,1066.6666666666665,1900
72,6.0,2114080.2047755974,1037080.023944281,240000.0000000006,1074156.8639003013,1314156.8639003017,237156.6830689854,237156.6830689854,2600,2600,526117.6126471141,704097.569064916,177979.95641780194,8280.606024,2500,216.7174471652529,1066.6666666666665,1900
73,6.083333333333333,2120490.621864825,1032975.1540759912,239166.66666666727,1089631.3574308064,1328798.0240974734,241282.55630863982,241282.55630863982,2600,2600,533496.4317187592,711127.7540246599,177631.32230590069,8446.21814448,2500,51.10532668525275,1066.6666666666665,1900
74,6.166666666666667,2126920.476933352,1028856.8459319129,238333.33333333393,1105165.2732090536,1343498.6065423875,245434.97554094822,245434.97554094822,2600,2600,540921.764376026,718203.1714061137,177281.4070300877,8446.21814448,2500,51.10532668525275,1066.6666666666665,1900
75,6.25,2133369.828921967,1024725.0555186279,237500.00000000058,1120758.8849669653,1358258.884966966,249614.11156362662,249614.11156362662,2600,2600,548393.9063537107,725324.1122360405,176930.20588232978,8446.21814448,2500,51.10532668525275,1066.6666666666665,1900
76,6.333333333333333,2139838.7369501824,1020579.7386986952,236666.66666666724,1136412.4678581285,1373079.1345247957,253820.13627330874,253820.13627330874,2600,2600,555913.1552763861,732490.8694136788,176577.71413729267,8446.21814448,2500,51.10532668525275,1066.6666666666665,1900
77,6.416666666666667,2146327.2603167747,1016420.8511901794,235833.3333333339,1152126.2984658778,1387959.6317992117,258053.2226726164,258053.2226726164,2600,2600,563479.8106705116,739703.7377227889,176223.92705227731,8446.21814448,2500,51.10532668525275,1066.6666666666665,1900
78,6.5,2152835.4585003294,1012248.3485661772,235000.00000000055,1167900.654811427,1402900.6548114275,262313.5448772754,262313.5448772754,2600,2600,571094.1739766232,746963.0138437795,175868.83986715617,8446.21814448,2500,51.10532668525275,1066.6666666666665,1900
79,6.583333333333333,2159363.391159786,1008062.1862543435,234166.6666666672,1183735.8163620527,1417902.48302872,266601.27812327753,266601.27812327753,2600,2600,578756.5485616,754268.9963659092,175512.4478043092,8446.21814448,2500,51.10532668525275,1066.6666666666665,1900
80,6.666666666666667,2165911.1181349847,1003862.3195364147,233333.33333333387,1199632.0640393244,1432965.3973726581,270916.5987740881,270916.5987740881,2600,2600,586467.23973101,761621.9857995695,175154.7460685594,8446.21814448,2500,51.10532668525275,1066.6666666666665,1900
81,6.75,2172478.699447215,999648.7035477315,232500.00000000052,1215589.6802273835,1448089.680227384,275259.6843279003,275259.6843279003,2600,2600,594226.554741536,769022.2845886445,174795.72984710854,8446.21814448,2500,51.10532668525275,1066.6666666666665,1900
82,6.833333333333333,2179066.195299766,995421.2932767593,231666.66666666718,1231608.9487812757,1463275.6154479426,279630.71342493605,279630.71342493605,2600,2600,602034.8028134793,776470.1971229515,174435.39430947218,8446.21814448,2500,51.10532668525275,1066.6666666666665,1900
83,6.916666666666667,2185673.6660784776,991180.0435646074,230833.33333333384,1247690.1550353302,1478523.488368664,284029.8658547938,284029.8658547938,2600,2600,609892.2951433461,783966.0297507609,174073.7346074148,8446.21814448,2500,51.10532668525275,1066.6666666666665,1900
84,7.0,2192301.1723522954,986924.9091045465,230000.0000000005,1263833.5858115922,1493833.5858115926,288457.3225638438,288457.3225638438,2600,2600,617799.3449165126,791510.0907913971,173710.74587488454,8446.21814448,2500,51.10532668525275,1066.6666666666665,1900
85,7.083333333333333,2198948.7748738243,982655.8444415252,229166.66666666715,1280039.5294283025,1509206.1960949698,292913.26566267054,292913.26566267054,2600,2600,625638.4482837685,798984.8715117162,173346.42322794773,8615.142507369601,2382.1809637956526,0.0,1066.6666666666665,1900
86,7.166666666666667,2205616.5345798866,978372.8039716836,228333.3333333338,1296308.2757084328,1524641.6090417665,297397.8784335636,297397.8784335636,2600,2600,633526.9834315323,806507.7451962554,172980.76176472317,8615.142507369601,2382.1809637956526,0.0,1066.6666666666665,1900
87,7.25,2212304.5125920805,974075.7419418672,227500.00000000047,1312640.1159882692,1540140.1159882697,301911.3453380563,301911.3453380563,2600,2600,641465.2647112785,814079.0212765947,172613.75656531617,8615.142507369601,2382.1809637956526,0.0,1066.6666666666665,1900
88,7.333333333333333,2219012.7702173395,969764.6124491371,226666.66666666712,1329035.3431260483,1555702.0097927153,306453.85202451295,306453.85202451295,2600,2600,649453.6084834536,821699.011175206,172245.4026917524,8615.142507369601,2382.1809637956526,0.0,1066.6666666666665,1900
89,7.416666666666667,2225741.3689484955,965439.3694402806,225833.33333333378,1345494.2515106464,1571327.5848439801,311025.5853357652,311025.5853357652,2600,2600,657492.3331303517,829368.028318263,171875.69518791133,8615.142507369601,2382.1809637956526,0.0,1066.6666666666665,1900
90,7.5,2232490.370464842,961099.9667113182,225000.00000000044,1362017.13707032,1587017.1370703205,315626.73331679695,315626.73331679695,2600,2600,665581.7590690728,837086.3881485325,171504.62907945976,8615.142507369601,2382.1809637956526,0.0,1066.6666666666665,1900
91,7.583333333333333,2239259.8366326983,956746.3579070112,224166.6666666671,1378604.2972814995,1602770.9639481665,320257.48522247927,320257.48522247927,2600,2600,673722.2087645652,844854.4081383498,171132.19937378465,8615.142507369601,2382.1809637956526,0.0,1066.6666666666665,1900
92,7.666666666666667,2246049.8295059795,952378.4965203652,223333.33333333375,1395256.0311776353,1618589.364510969,324918.03152535466,324918.03152535466,2600,2600,681914.0067427505,852672.4078026767,170758.40105992614,8615.142507369601,2382.1809637956526,0.0,1066.6666666666665,1900
93,7.75,2252860.4113267623,947996.3358921347,222500.0000000004,1411972.6393580989,1634472.6393580993,329608.56392347184,329608.56392347184,2600,2600,690157.4796037339,860540.7087122438,170383.22910851,8615.142507369601,2382.1809637956526,0.0,1066.6666666666665,1900
94,7.833333333333333,2259691.6445258576,943599.8292103236,221666.66666666706,1428754.4239971372,1650421.0906638042,334329.2753482704,334329.2753482704,2600,2600,698452.9560350978,868459.6345067777,170006.67847167997,8615.142507369601,2382.1809637956526,0.0,1066.6666666666665,1900
95,7.916666666666667,2266543.5917233815,939188.9295096856,220833.33333333372,1445601.688852879,1666435.0221862127,339080.35997251683,339080.35997251683,2600,2600,706800.7668252825,876429.5109083125,169628.74408303,8615.142507369601,2382.1809637956526,0.0,1066.6666666666665,1900
96,8.0,2273416.3157293303,934763.5896712223,220000.00000000038,1462514.7392763984,1682514.739276399,343862.0132182908,343862.0132182908,2600,2600,715201.2448770519,884450.6657345878,169249.42085753588,8615.142507369601,2382.1809637956526,0.0,1066.6666666666665,1900
97,8.083333333333334,2280309.8795441557,930323.76242168,219166.66666666704,1479493.8822208322,1698660.5488874991,348674.4317650237,348674.4317650237,2600,2600,723482.4223708981,892351.126062385,168868.7036914869,8787.445357516994,2209.87811364826,0.0,1066.6666666666665,1900
98,8.166666666666666,2287224.3463593423,925869.4003330448,218333.3333333337,1496539.426250552,1714872.7595838858,353517.8135575882,353517.8135575882,2600,2600,731815.830727397,900302.4181898142,168486.58746241723,8787.445357516994,2209.87811364826,0.0,1066.6666666666665,1900
99,8.25,2294159.7795579876,921400.4558220358,217500.00000000035,1513651.6815503917,1731151.6815503922,358392.3578144403,358392.3578144403,2600,2600,740201.8021411677,908304.8691702046,168103.0670290369,8787.445357516994,2209.87811364826,0.0,1066.6666666666665,1900
100,8.333333333333334,2301116.2427153816,916916.8811495967,216666.666666667,1530830.9599349317,1747497.6266015987,363298.26503581356,363298.26503581356,2600,2600,748640.670929994,916358.8081611567,167718.13723116275,8787.445357516994,2209.87811364826,0.0,1066.6666666666665,1900
101,8.416666666666666,2308093.7995995902,912418.6284203859,215833.33333333366,1548077.5748578366,1763910.9081911703,368235.737011966,368235.737011966,2600,2600,757132.7735484319,924464.5664380807,167331.79288964884,8787.445357516994,2209.87811364826,0.0,1066.6666666666665,1900
102,8.5,2315092.5141720413,907905.6495822651,215000.00000000032,1565391.8414212563,1780391.8414212568,373204.9768314803,373204.9768314803,2600,2600,765678.448601506,932622.4774078229,166944.02880631693,8787.445357516994,2209.87811364826,0.0,1066.6666666666665,1900
103,8.583333333333334,2322112.4505881085,903377.8964257856,214166.66666666698,1582774.0763852731,1796940.74305194,378206.18888961716,378206.18888961716,2600,2600,774278.0368584926,940832.8766223791,166554.83976388644,8787.445357516994,2209.87811364826,0.0,1066.6666666666665,1900
104,8.666666666666666,2329153.673197701,898835.3205836739,213333.33333333363,1600224.598177416,1813557.9315107497,383239.5788967226,383239.5788967226,2600,2600,782931.8812667925,949096.1017926969,166164.2205259043,8787.445357516994,2209.87811364826,0.0,1066.6666666666665,1900
105,8.75,2336216.246545853,894277.8735303142,212500.0000000003,1617743.7269022276,1830243.7269022278,388305.3538866891,388305.3538866891,2600,2600,791640.3269658919,957412.4928025663,165772.16583667442,8787.445357516994,2209.87811364826,0.0,1066.6666666666665,1900
106,8.833333333333334,2343300.235373315,889705.5065812307,211666.66666666695,1635331.784350889,1846998.451017556,393403.72222547163,393403.72222547163,2600,2600,800403.7213014127,965782.3917225997,165378.67042118707,8787.445357516994,2209.87811364826,0.0,1066.6666666666665,1900
107,8.916666666666666,2350405.7046171473,885118.1708925671,210833.3333333336,1652989.0940109042,1863822.427344238,398534.8936196577,398534.8936196577,2600,2600,809222.4138392544,974206.1428243023,164983.72898504787,8787.445357516994,2209.87811364826,0.0,1066.6666666666665,1900
108,9.0,2357532.7194113163,880515.8174605652,210000.00000000026,1670715.9810758443,1880715.9810758447,403699.07912509365,403699.07912509365,2600,2600,818096.7563798259,982684.0925942324,164587.3362144065,8787.445357516994,2209.87811364826,0.0,1066.6666666666665,1900
109,9.083333333333334,2364681.3450872903,875898.3971210413,209166.66666666692,1688512.772455147,1897679.439121814,408896.49115556513,408896.49115556513,2600,2600,826851.3540652177,991040.840841103,164189.48677588534,8963.194264667332,2034.1292064979211,0.0,1066.6666666666665,1900
110,9.166666666666666,2371851.647174639,871265.8605488607,208333.33333333358,1706379.7967839795,1914713.130117313,414127.3434915348,414127.3434915348,2600,2600,835661.1813413082,999451.3566578157,163790.17531650752,8963.194264667332,2034.1292064979211,0.0,1066.6666666666665,1900
111,9.25,2379043.691401634,866618.1582574113,207500.00000000023,1724317.3844331575,1931817.3844331577,419391.8512889351,419391.8512889351,2600,2600,844526.5895229087,1007915.9859865338,163389.39646362507,8963.194264667332,2034.1292064979211,0.0,1066.6666666666665,1900
112,9.333333333333334,2386257.543695851,861955.2405980746,206666.6666666669,1742325.867519128,1948992.5341857949,424690.2310880182,424690.2310880182,2600,2600,853447.9321703763,1016435.0769952228,162987.14482484656,8963.194264667332,2034.1292064979211,0.0,1066.6666666666665,1900
113,9.416666666666666,2393493.270184776,857277.0577596953,205833.33333333355,1760405.57991401,1966238.9132473434,430022.70082226285,430022.70082226285,2600,2600,862425.5651040071,1025008.9800919717,162583.41498796453,8963.194264667332,2034.1292064979211,0.0,1066.6666666666665,1900
114,9.5,2400750.9371964075,852583.5597680497,205000.0000000002,1778556.8572556959,1983556.857255696,435389.4798273383,435389.4798273383,2600,2600,871459.8464185226,1033638.0479394053,162178.2015208827,8963.194264667332,2034.1292064979211,0.0,1066.6666666666665,1900
115,9.583333333333334,2408030.6112598693,847874.6964853111,204166.66666666686,1796780.0369580172,2000946.7036246841,440790.78885012615,440790.78885012615,2600,2600,880551.1364976477,1042322.6354691905,161771.49897154284,8963.194264667332,2034.1292064979211,0.0,1066.6666666666665,1900
116,9.666666666666666,2415332.359106017,843150.4176095149,203333.33333333352,1815075.4582209685,2018408.791554302,446226.8500578,446226.8500578,2600,2600,889699.7980287839,1051063.0998966354,161363.3018678515,8963.194264667332,2034.1292064979211,0.0,1066.6666666666665,1900
117,9.75,2422656.24766805,838410.6726740208,202500.00000000017,1833443.4620409932,2035943.4620409934,451697.8870469639,451697.8870469639,2600,2600,898906.1960177757,1059859.800735382,160953.60471760627,8963.194264667332,2034.1292064979211,0.0,1066.6666666666665,1900
118,9.833333333333334,2430002.3440821283,833655.4110469739,201666.66666666683,1851884.3912213366,2053551.0578880033,457204.124852849,457204.124852849,2600,2600,908170.6978037716,1068713.0998121935,160542.40200842198,8963.194264667332,2034.1292064979211,0.0,1066.6666666666665,1900
119,9.916666666666666,2437370.7156879823,828884.5819307638,200833.3333333335,1870398.590382455,2071231.9237157884,462745.78995857,462745.78995857,2600,2600,917493.6730741818,1077623.3612818383,160129.6882076565,8963.194264667332,2034.1292064979211,0.0,1066.6666666666665,1900
120,10.0,2444761.4300295357,824098.1343614819,200000.00000000015,1888986.4059724943,2088986.4059724947,468323.1103044407,468323.1103044407,2600,2600,926875.4938797305,1086590.9516420667,159715.45776233627,8963.194264667332,2034.1292064979211,0.0,1066.6666666666665,1900
121,10.083333333333334,2452174.554855521,819296.017208377,199166.6666666668,1907648.1862778272,2106814.8529444938,473936.31529734994,473936.31529734994,2600,2600,936137.270764312,1095436.9758633936,159299.70509908165,9142.45814996068,1854.8653212045742,0.0,1066.6666666666665,1900
122,10.166666666666666,2459610.1581201013,814478.1791733092,198333.33333333346,1926384.2814336556,2124717.614766989,479585.6358201972,479585.6358201972,2600,2600,945457.4910468825,1104339.9156709143,158882.42462403185,9142.45814996068,1854.8653212045742,0.0,1066.6666666666665,1900
123,10.25,2467068.3079834953,809644.5687902018,197500.00000000012,1945195.0434346828,2142695.043434683,485271.30424138944,485271.30424138944,2600,2600,954836.5265384545,1113300.1372612242,158463.6107227697,9142.45814996068,1854.8653212045742,0.0,1066.6666666666665,1900
124,10.333333333333334,2474549.0728125987,804795.1344244916,196666.66666666677,1964080.8261458394,2160747.4928125064,490993.55442439916,490993.55442439916,2600,2600,964274.7514267924,1122318.0091870385,158043.25776024617,9142.45814996068,1854.8653212045742,0.0,1066.6666666666665,1900
125,10.416666666666666,2482052.5211816137,799929.8242725772,195833.33333333343,1983041.9853130863,2178875.31864642,496752.62173738336,496752.62173738336,2600,2600,973772.5422916472,1131393.9023723516,157621.36008070444,9142.45814996068,1854.8653212045742,0.0,1066.6666666666665,1900
126,10.5,2489578.7218726757,795048.5863612657,195000.0000000001,2002078.8785742747,2197078.878574275,502548.7430628648,502548.7430628648,2600,2600,983330.2781200901,1140528.190127694,157197.9120076039,9142.45814996068,1854.8653212045742,0.0,1066.6666666666665,1900
127,10.583333333333334,2497127.7438764856,790151.3685472176,194166.66666666674,2021191.8654700771,2215358.532136744,508382.15680747567,508382.15680747567,2600,2600,992948.340321944,1149721.2481654878,156772.90784354377,9142.45814996068,1854.8653212045742,0.0,1066.6666666666665,1900
128,10.666666666666666,2504699.6563929403,785238.1185163895,193333.3333333334,2040381.307454981,2233714.6407883144,514253.1029117635,514253.1029117635,2600,2600,1002627.1127453136,1158973.4546154998,156346.3418701863,9142.45814996068,1854.8653212045742,0.0,1066.6666666666665,1900
129,10.75,2512294.528831769,780308.7837834756,192500.00000000006,2059647.5679083536,2252147.5679083536,520161.82286006043,520161.82286006043,2600,2600,1012366.9816922151,1168285.1900403951,155918.20834818002,9142.45814996068,1854.8653212045742,0.0,1066.6666666666665,1900
130,10.833333333333334,2519912.4308131677,775363.3116913468,191666.66666666672,2078991.0121455705,2270657.6788122375,526108.5596904163,526108.5596904163,2600,2600,1022168.3359343082,1177656.8374513907,155488.50151708245,9142.45814996068,1854.8653212045742,0.0,1066.6666666666665,1900
131,10.916666666666666,2527553.4321684386,770401.6494104883,190833.33333333337,2098412.007429212,2289245.3407625454,532093.558004595,532093.558004595,2600,2600,1032031.5667287264,1187088.7823240089,155057.21559528253,9142.45814996068,1854.8653212045742,0.0,1066.6666666666665,1900
132,11.0,2535217.6029406292,765423.7439384351,190000.00000000003,2117910.9229803295,2307910.9229803295,538117.0639781354,538117.0639781354,2600,2600,1041957.0678340106,1196581.4126139334,154624.3447799229,9142.45814996068,1854.8653212045742,0.0,1066.6666666666665,1900
133,11.083333333333334,2542905.0133851757,760429.542099206,189166.6666666667,2137488.1299897805,2326654.796656447,544179.3253704773,544179.3253704773,2600,2600,1051762.3863631457,1205952.2696099675,154189.8832468218,9325.307312959894,1672.0161582053593,0.0,1066.6666666666665,1900
134,11.166666666666666,2550615.7339705457,755418.9905427354,188333.33333333334,2157144.001629629,2345477.3349629627,550280.5915351523,550280.5915351523,2600,2600,1061629.5938316756,1215383.4189820704,153753.82515039472,9325.307312959894,1672.0161582053593,0.0,1066.6666666666665,1900
135,11.25,2558349.835378885,750392.0357443037,187500.0,2176878.913064621,2364378.913064621,556421.11343004,556421.11343004,2600,2600,1071559.0840296296,1224875.2486532053,153316.16462357578,9325.307312959894,1672.0161582053593,0.0,1066.6666666666665,1900
136,11.333333333333334,2566107.388506665,745348.6240039651,186666.66666666666,2196693.2414637236,2383359.9081303906,562601.1436276905,562601.1436276905,2600,2600,1081551.2532645047,1234428.1490422434,152876.89577773868,9325.307312959894,1672.0161582053593,0.0,1066.6666666666665,1900
137,11.416666666666666,2573888.464465333,740288.7014459741,185833.3333333333,2216587.3660117392,2402420.6993450727,568820.9363257134,568820.9363257134,2600,2600,1091606.500377405,1244042.5130800225,152436.0127026176,9325.307312959894,1672.0161582053593,0.0,1066.6666666666665,1900
138,11.5,2581693.1345819645,735212.2140182101,184999.99999999997,2236561.667920988,2421561.667920988,575080.7473572334,575080.7473572334,2600,2600,1101725.2267592815,1253718.736225509,151993.50946622755,9325.307312959894,1672.0161582053593,0.0,1066.6666666666665,1900
139,11.583333333333334,2589521.4703999152,730119.1074916,184166.66666666663,2256616.530443062,2440783.1971097286,581380.8342014131,581380.8342014131,2600,2600,1111907.8363672802,1263457.216482065,151549.3801147847,9325.307312959894,1672.0161582053593,0.0,1066.6666666666665,1900
140,11.666666666666666,2597373.543679479,725009.3274595388,183333.33333333328,2276752.3388806507,2460085.672213984,587721.4559940438,587721.4559940438,2600,2600,1122154.735741191,1273258.3544138172,151103.61867262615,9325.307312959894,1672.0161582053593,0.0,1066.6666666666665,1900
141,11.75,2605249.4263985446,719882.8193373084,182499.99999999994,2296969.4805994406,2479469.4805994406,594102.8735382046,594102.8735382046,2600,2600,1132466.3340200048,1283122.5531621345,150656.21914212962,9325.307312959894,1672.0161582053593,0.0,1066.6666666666665,1900
142,11.833333333333334,2613149.190753255,714739.5283614944,181666.6666666666,2317268.345040083,2498935.0117067494,600525.3493149889,600525.3493149889,2600,2600,1142843.0429585772,1293050.2184622097,150207.17550363264,9325.307312959894,1672.0161582053593,0.0,1066.6666666666665,1900
143,11.916666666666666,2621072.909158671,709579.3995894016,180833.33333333326,2337649.323730238,2518482.657063571,606989.1474943019,606989.1474943019,2600,2600,1153285.2769443956,1303041.7586597474,149756.48171535172,9325.307312959894,1672.0161582053593,0.0,1066.6666666666665,1900
144,12.0,2629020.6542494325,704402.3778984662,179999.9999999999,2358112.810296692,2538112.810296692,613494.5339457255,613494.5339457255,2600,2600,1163793.4530144606,1313097.5847277616,149304.1317133009,9325.307312959894,1672.0161582053593,0.0,1066.6666666666665,1900
145,12.083333333333334,2636992.4988804273,699208.4079856679,179166.66666666657,2378659.200477548,2557825.867144214,620041.7762494548,620041.7762494548,2600,2600,1174181.4847260085,1323031.6041372188,148850.11941121027,9511.81345921909,1485.5100119461626,0.0,1066.6666666666665,1900
146,12.166666666666666,2644988.516127456,693997.4343669385,178333.33333333323,2399288.8921344876,2577622.225467821,626631.1437073038,626631.1437073038,2600,2600,1184635.1006262258,1333029.5393266699,148394.438700444,9511.81345921909,1485.5100119461626,0.0,1066.6666666666665,1900
147,12.25,2653008.779287904,688769.4013765695,177499.99999999988,2420002.285265117,2597502.285265117,633262.9073537824,633262.9073537824,2600,2600,1195154.7180822494,1343091.8015321677,147937.08344991822,9511.81345921909,1485.5100119461626,0.0,1066.6666666666665,1900
148,12.333333333333334,2661053.361881412,683524.2531666174,176666.66666666654,2440799.782015373,2617466.44868204,639937.339967245,639937.339967245,2600,2600,1205740.757129652,1353218.8046356705,147478.04750601845,9511.81345921909,1485.5100119461626,0.0,1066.6666666666665,1900
149,12.416666666666666,2669122.337650551,678261.9337063067,175833.3333333332,2461681.7866920205,2637515.120025354,646654.7160811097,646654.7160811097,2600,2600,1216393.6404895484,1363410.9651820653,147017.3246925169,9511.81345921909,1485.5100119461626,0.0,1066.6666666666665,1900
150,12.5,2677215.780561498,672982.3867814322,174999.99999999985,2482648.705775217,2657648.705775217,653415.3119951513,653415.3119951513,2600,2600,1227113.7935858122,1373668.7023963016,146554.90881048932,9511.81345921909,1485.5100119461626,0.0,1066.6666666666665,1900
151,12.583333333333334,2685333.764804713,667685.5559937578,174166.6666666665,2503700.947931154,2677867.6145978207,660219.4057868654,660219.4057868654,2600,2600,1237901.6445624032,1383992.4382006347,146090.79363823152,9511.81345921909,1485.5100119461626,0.0,1066.6666666666665,1900
152,12.666666666666666,2693476.3647956206,662371.3847604141,173333.33333333317,2524838.92402478,2698172.257358113,667067.2773229067,667067.2773229067,2600,2600,1248757.624300805,1394382.5972319806,145624.97293117584,9511.81345921909,1485.5100119461626,0.0,1066.6666666666665,1900
153,12.75,2701643.6551752915,657039.8163132945,172499.99999999983,2546063.0471325973,2718563.0471325973,673959.2082706003,673959.2082706003,2600,2600,1259682.1664375751,1404839.606859382,145157.44042180694,9511.81345921909,1485.5100119461626,0.0,1066.6666666666665,1900
154,12.833333333333334,2709835.710811126,651690.793698448,171666.66666666648,2567373.732555539,2739040.3992222054,680895.4821095275,680895.4821095275,2600,2600,1270675.7073820091,1415363.8972015867,144688.18981957762,9511.81345921909,1485.5100119461626,0.0,1066.6666666666665,1900
155,12.916666666666666,2718052.6067975424,646324.2597754714,170833.33333333314,2588771.3978319233,2759604.7311652564,687876.3841431855,687876.3841431855,2600,2600,1281738.6863339157,1425955.9011447397,144217.21481082405,9511.81345921909,1485.5100119461626,0.0,1066.6666666666665,1900
156,13.0,2726294.4184566624,640940.1572168986,169999.9999999998,2610256.462750487,2780256.462750487,694902.201510723,694902.201510723,2600,2600,1292871.5453015072,1436616.054360188,143744.50905868094,9511.81345921909,1485.5100119461626,0.0,1066.6666666666665,1900
157,13.083333333333334,2734561.221339004,635538.4285075885,169166.66666666645,2631829.3493635,2800996.0160301663,701973.2231987506,701973.2231987506,2600,2600,1303884.4928502212,1447154.5590532175,143270.0662029962,9702.049728403474,1295.2737427617799,0.0,1066.6666666666665,1900
158,13.166666666666666,2742853.091224173,630119.0159441099,168333.3333333331,2653490.481999958,2821823.815333291,709089.7400532275,709089.7400532275,2600,2600,1314966.988942511,1457760.8688027563,142793.87986024545,9702.049728403474,1295.2737427617799,0.0,1066.6666666666665,1900
159,13.25,2751170.1041215574,624681.8616341262,167499.99999999977,2675240.287278856,2842740.287278856,716252.0447914245,716252.0447914245,2600,2600,1326119.4762451337,1468435.4198685796,142315.943623446,9702.049728403474,1295.2737427617799,0.0,1066.6666666666665,1900
160,13.333333333333334,2759512.3362710252,619226.9074957758,166666.66666666642,2697079.1941225473,2863745.8607892133,723460.432013964,723460.432013964,2600,2600,1337342.4002553006,1479178.6513173713,141836.25106207072,9702.049728403474,1295.2737427617799,0.0,1066.6666666666665,1900
161,13.416666666666666,2767879.8641436226,613754.0952570528,165833.33333333308,2719007.633770175,2884840.967103508,730715.198216938,730715.198216938,2600,2600,1348636.2093188216,1489991.0050407832,141354.7957219616,9702.049728403474,1295.2737427617799,0.0,1066.6666666666665,1900
162,13.5,2776272.7644422743,608263.3664551834,164999.99999999974,2741026.039791194,2906026.039791194,738016.6418041028,738016.6418041028,2600,2600,1360001.354648369,1500872.9257736115,140871.57112524274,9702.049728403474,1295.2737427617799,0.0,1066.6666666666665,1900
163,13.583333333333334,2784691.1141024884,602754.6624360019,164166.6666666664,2763134.8480989737,2927301.5147656407,745365.063099154,745365.063099154,2600,2600,1371438.2903418562,1511824.8611120896,140386.57077023335,9702.049728403474,1295.2737427617799,0.0,1066.6666666666665,1900
164,13.666666666666666,2793134.9902930595,597227.9243533246,163333.33333333305,2785334.4969644803,2948667.8302978133,752760.7643580786,752760.7643580786,2600,2600,1382947.473400938,1522847.2615322983,139899.78813136017,9702.049728403474,1295.2737427617799,0.0,1066.6666666666665,1900
165,13.75,2801604.4704167782,591683.0931683201,162499.9999999997,2807625.427030046,2970125.4270300455,760204.0497815877,760204.0497815877,2600,2600,1394529.3637496254,1533940.5804086952,139411.21665906967,9702.049728403474,1295.2737427617799,0.0,1066.6666666666665,1900
166,13.833333333333334,2810099.6321111387,586120.1096488797,161666.66666666637,2830008.081323222,2991674.747989888,767695.2255276289,767695.2255276289,2600,2600,1406184.4242530225,1545105.2740327625,138920.84977974003,9702.049728403474,1295.2737427617799,0.0,1066.6666666666665,1900
167,13.916666666666666,2818620.5532490523,580538.914368984,160833.33333333302,2852482.9052707152,3013316.2386040483,775234.5997239796,775234.5997239796,2600,2600,1417913.1207361836,1556341.8016317762,138428.68089559255,9702.049728403474,1295.2737427617799,0.0,1066.6666666666665,1900
168,14.0,2827167.31193956,574939.4477080684,159999.99999999968,2875050.346712412,3035050.3467124114,782822.4824809202,782822.4824809202,2600,2600,1429715.9220030908,1567650.6253876938,137934.70338460302,9702.049728403474,1295.2737427617799,0.0,1066.6666666666665,1900
169,14.083333333333334,2835739.986528548,569321.6498503858,159166.66666666634,2897710.855915486,3056877.5225821524,790459.1859039901,790459.1859039901,2600,2600,1441399.258861185,1578838.1694615975,137438.9106004125,9896.090722971543,1101.2327481937104,0.0,1066.6666666666665,1900
170,14.166666666666666,2844338.655599468,563685.4607843682,158333.333333333,2920464.885588592,3078798.218921925,798145.0241068251,798145.0241068251,2600,2600,1453156.3986586917,1590097.6945309297,136941.29587223794,9896.090722971543,1101.2327481937104,0.0,1066.6666666666665,1900
171,14.25,2852963.3979740557,558030.8203019851,157499.99999999965,2943312.890896149,3100812.8908961485,805880.3132240778,805880.3132240778,2600,2600,1464987.8112188,1601429.6637235824,136441.8525047825,9896.090722971543,1101.2327481937104,0.0,1066.6666666666665,1900
172,14.333333333333334,2861614.292713054,552357.6679981009,156666.6666666663,2966255.3294727067,3122921.9961393736,813665.3714244205,813665.3714244205,2600,2600,1476893.9693690808,1612834.5431472263,135940.57377814536,9896.090722971543,1101.2327481937104,0.0,1066.6666666666665,1900
173,14.416666666666666,2870291.419116937,546665.9432698289,155833.33333333296,2989292.6614374076,3145125.9947707406,821500.5189236323,821500.5189236323,2600,2600,1488875.3489607514,1624312.8019084828,135437.45294773133,9896.090722971543,1101.2327481937104,0.0,1066.6666666666665,1900
174,14.5,2878994.856726639,540955.5853158847,154999.99999999962,3012425.349408525,3167425.349408525,829386.0779977704,829386.0779977704,2600,2600,1500932.4288880595,1635864.9121322196,134932.48324416013,9896.090722971543,1101.2327481937104,0.0,1066.6666666666665,1900
175,14.583333333333334,2887724.685324281,535226.533135936,154166.66666666628,3035653.8585181045,3189820.5251847706,837322.3729964257,837322.3729964257,2600,2600,1513065.6911077949,1647491.3489809702,134425.6578731753,9896.090722971543,1101.2327481937104,0.0,1066.6666666666665,1900
176,14.666666666666666,2896480.9849339034,529478.7255299515,153333.33333333294,3058978.656426683,3212311.989760016,845309.7303560643,845309.7303560643,2600,2600,1525275.6206589248,1659192.5906744776,133916.97001555283,9896.090722971543,1101.2327481937104,0.0,1066.6666666666665,1900
177,14.75,2905263.8358221995,523712.10109754687,152499.9999999996,3082400.213338107,3234900.2133381064,853348.478613454,853348.478613454,2600,2600,1537562.7056823561,1670969.1185093655,133406.41282700925,9896.090722971543,1101.2327481937104,0.0,1066.6666666666665,1900
178,14.833333333333334,2914073.3184992513,517926.59823732893,151666.66666666625,3105919.002014435,3257585.668681101,861438.9484191786,861438.9484191786,2600,2600,1549927.4374408245,1682821.4168789343,132893.97943810976,9896.090722971543,1101.2327481937104,0.0,1066.6666666666665,1900
179,14.916666666666666,2922909.5137192677,512122.1551462374,150833.3333333329,3129535.4977909345,3280368.8311242675,869581.4725512373,869581.4725512373,2600,2600,1562370.31033891,1694749.9732930856,132379.66295417564,9896.090722971543,1101.2327481937104,0.0,1066.6666666666665,1900
180,15.0,2931772.5024813237,506298.7098188851,149999.99999999956,3153250.178591172,3303250.1785911717,877776.3859287332,877776.3859287332,2600,2600,1574891.821943183,1706755.2783983746,131863.45645519157,9896.090722971543,1101.2327481937104,0.0,1066.6666666666665,1900
181,15.083333333333334,2940662.3660301045,500456.20004689513,149166.66666666622,3177063.5249421922,3326230.1916088583,886024.0256256487,886024.0256256487,2600,2600,1587294.5511880186,1718639.9041837312,131345.35299571246,10094.012537430974,903.3109337342798,0.0,1066.6666666666665,1900
182,15.166666666666666,2949579.1858566487,494594.56341823674,148333.33333333288,3200976.0199897895,3349309.3533231225,894324.7308847106,894324.7308847106,2600,2600,1599775.6504044668,1730600.996009237,130825.34560477005,10094.012537430974,903.3109337342798,0.0,1066.6666666666665,1900
183,15.25,2958523.043699096,488713.7373165583,147499.99999999953,3224988.1495138817,3372488.149513881,902678.8431313435,902678.8431313435,2600,2600,1612335.6185739175,1742639.0458596966,130303.42728577911,10094.012537430974,903.3109337342798,0.0,1066.6666666666665,1900
184,15.333333333333334,2967494.021543437,482813.65892051865,146666.6666666662,3249100.4019439663,3395767.0686106323,911086.7059877136,911086.7059877136,2600,2600,1624974.9578689167,1754754.54888536,129779.59101644327,10094.012537430974,903.3109337342798,0.0,1066.6666666666665,1900
185,15.416666666666666,2976492.201624264,476894.26520311576,145833.33333333285,3273313.2683746777,3419146.601708011,919548.6652868624,919548.6652868624,2600,2600,1637694.1736736274,1766948.003422288,129253.82974866059,10094.012537430974,903.3109337342798,0.0,1066.6666666666665,1900
186,15.5,2985517.6664255247,470955.4929310137,144999.9999999995,3297627.2425814434,3442627.242581443,928065.0690869315,928065.0690869315,2600,2600,1650493.774604423,1779219.9110128516,128726.13640842868,10094.012537430974,903.3109337342798,0.0,1066.6666666666665,1900
187,15.583333333333334,2994570.4986812794,464997.27866386704,144166.66666666616,3322042.821036225,3466209.487702891,936636.2676854793,936636.2676854793,2600,2600,1663374.2725306107,1791570.7764263602,128196.50389574953,10094.012537430974,903.3109337342798,0.0,1066.6666666666665,1900
188,15.666666666666666,3003650.781376458,459019.5587536432,143333.33333333282,3346560.5029233703,3489893.8362567034,945262.6136338889,945262.6136338889,2600,2600,1676336.1825952898,1804001.1076798239,127664.92508453401,10094.012537430974,903.3109337342798,0.0,1066.6666666666665,1900
189,15.75,3012758.597747621,453022.2693439424,142499.99999999948,3371180.790155549,3513680.7901555486,953944.4617518699,953944.4617518699,2600,2600,1689380.0232363439,1816511.4160588498,127131.39282250598,10094.012537430974,903.3109337342798,0.0,1066.6666666666665,1900
190,15.833333333333334,3021894.031283724,447005.3463693157,141666.66666666613,3395904.1873897947,3537570.854056461,962682.1691420524,962682.1691420524,2600,2600,1702506.3162075656,1829102.2161386716,126595.899931106,10094.012537430974,903.3109337342798,0.0,1066.6666666666665,1900
191,15.916666666666666,3031057.165726881,440968.7255545805,140833.3333333328,3420731.202043643,3561564.5353769762,971476.0952046758,971476.0952046758,2600,2600,1715715.5865999213,1841774.0258053162,126058.43920539484,10094.012537430974,903.3109337342798,0.0,1066.6666666666665,1900
192,16.0,3040248.0850731335,434912.34241413407,139999.99999999945,3445662.344311371,3585662.3443113705,980326.6016523712,980326.6016523712,2600,2600,1729008.3628629476,1854527.366276904,125519.00341395647,10094.012537430974,903.3109337342798,0.0,1066.6666666666665,1900
193,16.083333333333332,3049466.873573219,428836.1322512645,139166.6666666661,3470698.127180328,3609864.793846994,989234.0525250399,989234.0525250399,2600,2600,1742183.2965755397,1867160.8818743406,124977.58529880078,10295.892788179593,701.43068298566,0.0,1066.6666666666665,1900
194,16.166666666666668,3058713.615733345,422740.0301574598,138333.33333333276,3495839.066447379,3634172.399780712,998198.8142048267,998198.8142048267,2600,2600,1755441.5043162603,1879875.6818915263,124434.17757526596,10295.892788179593,701.43068298566,0.0,1066.6666666666665,1900
195,16.25,3067988.396315963,416623.97101171425,137499.99999999942,3521085.6807354395,3658585.680735439,1007221.2554311902,1007221.2554311902,2600,2600,1768783.5163829448,1892672.2893148651,123888.77293192042,10295.892788179593,701.43068298566,0.0,1066.6666666666665,1900
196,16.333333333333332,3077291.300340545,410487.889479833,136666.66666666607,3546438.4915101156,3683105.1581767816,1016301.74731607,1016301.74731607,2600,2600,1782209.8664652072,1905551.2304956717,123341.36403046448,10295.892788179593,701.43068298566,0.0,1066.6666666666665,1900
197,16.416666666666668,3086622.4130843626,404331.720013734,135833.33333333273,3571898.023096447,3707731.3564297794,1025440.6633591508,1025440.6633591508,2600,2600,1795721.091666189,1918513.0351718205,122791.94350563159,10295.892788179593,701.43068298566,0.0,1066.6666666666665,1900
198,16.5,3095981.8200832703,398155.3968507479,134999.9999999994,3597464.8026957484,3732464.8026957475,1034638.3794632254,1034638.3794632254,2600,2600,1809317.7325244464,1931558.2364895358,122240.50396508924,10295.892788179593,701.43068298566,0.0,1066.6666666666665,1900
199,16.583333333333332,3105369.607132488,391958.85401291534,134166.66666666605,3623139.3604025636,3757306.0270692296,1043895.2739496569,1043895.2739496569,2600,2600,1823000.3330359806,1944687.3710253201,121687.03798933954,10295.892788179593,701.43068298566,0.0,1066.6666666666665,1900
200,16.666666666666668,3114785.860287388,385742.0253062825,133333.3333333327,3648922.229221712,3782255.5625550444,1053211.7275739391,1053211.7275739391,2600,2600,1836769.4406764067,1957900.978808026,121131.53813161934,10295.892788179593,701.43068298566,0.0,1066.6666666666665,1900
201,16.75,3124230.665864284,379504.8443201937,132499.99999999936,3674813.945085449,3807313.945085449,1062588.1235413586,1062588.1235413586,2600,2600,1850625.6064232676,1971199.6033410677,120573.99691780003,10295.892788179593,701.43068298566,0.0,1066.6666666666665,1900
202,16.833333333333332,3133704.110441223,373247.2444265819,131666.66666666602,3700815.046870731,3832481.713537397,1072024.8475227559,1072024.8475227559,2600,2600,1864569.3847784896,1984583.7916247766,120014.40684628705,10295.892788179593,701.43068298566,0.0,1066.6666666666665,1900
203,16.916666666666668,3143206.2808587765,366969.1587792573,130833.33333333269,3726926.0764165753,3857759.4097499084,1081522.287670389,1081522.287670389,2600,2600,1878601.333790982,1998054.0941789008,119452.76038791888,10295.892788179593,701.43068298566,0.0,1066.6666666666665,1900
204,17.0,3152737.2642208403,360670.52031319303,129999.99999999936,3753147.578541548,3883147.578541547,1091080.8346339,1091080.8346339,2600,2600,1892722.0150793833,2011611.065065249,118889.04998586579,10295.892788179593,701.43068298566,0.0,1066.6666666666665,1900
205,17.083333333333332,3162297.1478954293,354351.2617438087,129166.66666666603,3779480.1010613367,3908646.7677280027,1100700.8815763823,1100700.8815763823,2600,2600,1906726.0759991887,2025049.3440547169,118323.2680555281,10501.810643943187,495.5128272220668,0.0,1066.6666666666665,1900
206,17.166666666666668,3171886.0195154804,348011.31556625175,128333.3333333327,3805924.194806448,3934257.528139781,1110382.824190552,1110382.824190552,2600,2600,1920818.6783513953,2038574.0853358295,117755.4069844342,10501.810643943187,495.5128272220668,0.0,1066.6666666666665,1900
207,17.25,3181503.9669796554,341650.6140546764,127499.99999999937,3832480.4136400046,3959980.413640004,1120127.0607150248,1120127.0607150248,2600,2600,1935000.3860774369,2052185.845209575,117185.45913213812,10501.810643943187,495.5128272220668,0.0,1066.6666666666665,1900
208,17.333333333333332,3191151.078453147,335269.08926151984,126666.66666666605,3859149.314475656,3985815.981142322,1129933.991950695,1129933.991950695,2600,2600,1949271.7667260817,2065885.1835561984,116613.41683011665,10501.810643943187,495.5128272220668,0.0,1066.6666666666665,1900
209,17.416666666666668,3200827.4423684855,328866.67301677685,125833.33333333272,3885931.4572955985,4011764.7906289306,1139804.021277222,1139804.021277222,2600,2600,1963633.3914765646,2079672.663858231,116039.27238166628,10501.810643943187,495.5128272220668,0.0,1066.6666666666665,1900
210,17.5,3210533.1474263524,322443.2969272713,124999.99999999939,3912827.405168704,4037827.4051687038,1149737.5546696228,1149737.5546696228,2600,2600,1978085.8351618682,2093548.8532236677,115463.01806179952,10501.810643943187,495.5128272220668,0.0,1066.6666666666665,1900
211,17.583333333333332,3220268.2825963907,315998.8923759255,124166.66666666606,3939837.724268768,4064004.390935434,1159735.000714969,1159735.000714969,2600,2600,1992629.676292153,2107514.322409294,114884.64611714108,10501.810643943187,495.5128272220668,0.0,1066.6666666666665,1900
212,17.666666666666668,3230032.937118022,309533.3905210274,123333.33333333273,3966962.983892856,4090296.3172261883,1169796.7706291939,1169796.7706291939,2600,2600,2007265.4970783377,2121569.645844161,114304.14876582345,10501.810643943187,495.5128272220668,0.0,1066.6666666666665,1900
213,17.75,3239827.200501263,303046.722295495,122499.9999999994,3994203.7564797755,4116703.7564797755,1179923.278274007,1179923.278274007,2600,2600,2021993.8834558316,2135715.401653214,113721.51819738228,10501.810643943187,495.5128272220668,0.0,1066.6666666666665,1900
214,17.833333333333332,3249651.1625275486,296538.81840613874,121666.66666666607,4021560.61762866,4143227.284295326,1190114.9401739158,1190114.9401739158,2600,2600,2036815.42510842,2149952.171681071,113136.74657265122,10501.810643943187,495.5128272220668,0.0,1066.6666666666665,1900
215,17.916666666666668,3259504.913250552,290009.60933292116,120833.33333333275,4049034.1461176584,4169867.4794509904,1200372.1755333596,1200372.1755333596,2600,2600,2051730.7154923002,2164280.5415159566,112549.82602365648,10501.810643943187,495.5128272220668,0.0,1066.6666666666665,1900
216,18.0,3269388.542997012,283459.0253282143,119999.99999999942,4076624.9239227497,4196624.923922749,1210695.4062539516,1210695.4062539516,2600,2600,2066740.351860276,2178701.100513787,111960.748653511,10501.810643943187,495.5128272220668,0.0,1066.6666666666665,1900
217,18.083333333333332,3279302.1423675604,276886.9964160546,119166.66666666609,4104333.5362366717,4223500.202903338,1221085.0569518323,1221085.0569518323,2600,2600,2081634.899073225,2193004.405609533,111369.50653630811,10711.84685682205,285.476614343203,0.0,1066.6666666666665,1900
218,18.166666666666668,3289245.802237553,270293.4523913954,118333.33333333276,4132160.571487961,4250493.904821293,1231541.5549751357,1231541.5549751357,2600,2600,2096623.646883923,2207399.738600938,110776.09171701499,10711.84685682205,285.476614343203,0.0,1066.6666666666665,1900
219,18.25,3299219.6137579023,263678.322819357,117499.99999999943,4160106.621360112,4277606.621360112,1242065.3304215663,1242065.3304215663,2600,2600,2111707.1953868875,2221887.6915982533,110180.49621136558,10711.84685682205,285.476614343203,0.0,1066.6666666666665,1900
220,18.333333333333332,3309223.668355913,257041.5370344742,116666.6666666661,4188172.280810863,4304838.947477529,1252656.81615609,1252656.81615609,2600,2600,2126886.1485156324,2236468.8605213854,109582.71200575314,10711.84685682205,285.476614343203,0.0,1066.6666666666665,1900
221,18.416666666666668,3319258.0577361193,250383.02413994152,115833.33333333278,4216358.148091584,4332191.481424917,1263316.4478287394,1263316.4478287394,2600,2600,2142161.114067286,2251143.845124408,108982.7310571225,10711.84685682205,285.476614343203,0.0,1066.6666666666665,1900
222,18.5,3329322.873881127,243702.71300685572,114999.99999999945,4244664.8247668035,4359664.8247668035,1274044.663892532,1274044.663892532,2600,2600,2157532.7037273687,2265913.2490202305,108380.54529286173,10711.84685682205,285.476614343203,0.0,1066.6666666666665,1900
223,18.583333333333332,3339418.209052457,237000.53227345608,114166.66666666612,4273092.91573384,4387259.582400506,1284841.9056215058,1284841.9056215058,2600,2600,2173001.5330947316,2280777.679705425,107776.14661069366,10711.84685682205,285.476614343203,0.0,1066.6666666666665,1900
224,18.666666666666668,3349544.155791389,230276.410344362,113333.33333333279,4301643.029242563,4414976.362575896,1295708.6171288688,1295708.6171288688,2600,2600,2188568.2217066498,2295737.7485852167,107169.52687856674,10711.84685682205,285.476614343203,0.0,1066.6666666666665,1900
225,18.75,3359700.80691981,223530.2753898083,112499.99999999946,4330315.776915269,4442815.776915269,1306645.2453852668,1306645.2453852668,2600,2600,2204233.393064083,2310794.0709986286,106560.67793454572,10711.84685682205,285.476614343203,0.0,1066.6666666666665,1900
226,18.833333333333332,3369888.255541068,216762.0553448778,111666.66666666613,4359111.773766693,4470778.440433359,1317652.2402371685,1317652.2402371685,2600,2600,2219997.6746570924,2325947.266243794,105949.59158670176,10711.84685682205,285.476614343203,0.0,1066.6666666666665,1900
227,18.916666666666668,3380106.5950408224,209971.67790873154,110833.3333333328,4388031.638224126,4498864.971557459,1328730.0544253679,1328730.0544253679,2600,2600,2235861.6979904277,2341197.95760343,105336.25961300227,10711.84685682205,285.476614343203,0.0,1066.6666666666665,1900
228,19.0,3390355.9190879012,203159.0705438364,109999.99999999948,4417075.992147673,4527075.992147672,1339879.143603607,1339879.143603607,2600,2600,2251826.098609272,2356546.772370472,104720.67376120023,10711.84685682205,285.476614343203,0.0,1066.6666666666665,1900
229,19.083333333333332,3400636.32163516,196324.16047519032,109166.66666666615,4446245.4608506225,4555412.127517289,1351099.9663573182,1351099.9663573182,2600,2600,2267677.2791880188,2371780.1049367418,104102.82574872322,10926.08379395849,71.23967720676274,0.0,1066.6666666666665,1900
230,19.166666666666668,3410947.8969203425,189466.87468954475,108333.33333333282,4475540.673119951,4583874.006453284,1362392.984222486,1362392.984222486,2600,2600,2283628.741960856,2387111.4492234183,103482.70726256192,10926.08379395849,71.23967720676274,0.0,1066.6666666666665,1900
231,19.25,3421290.7394669447,182587.1399346248,107499.99999999949,4504962.261236951,4612462.261236951,1373758.6617046308,1373758.6617046308,2600,2600,2299681.125881704,2402541.4358408623,102860.30995915829,10926.08379395849,71.23967720676274,0.0,1066.6666666666665,1900
232,19.333333333333332,3431664.9440850816,175684.88271834672,106666.66666666616,4534510.860997985,4641177.527664651,1385197.4662979164,1385197.4662979164,2600,2600,2315835.0739925066,2418070.6994568,102235.62546429329,10926.08379395849,71.23967720676274,0.0,1066.6666666666665,1900
233,19.416666666666668,3442070.6058723554,168760.0293080327,105833.33333333283,4564187.111735367,4670020.4450687,1396709.8685043775,1396709.8685043775,2600,2600,2332091.2334494544,2433699.8788224286,101608.64537297426,10926.08379395849,71.23967720676274,0.0,1066.6666666666665,1900
234,19.5,3452507.820214729,161812.50572962346,104999.9999999995,4593991.656338379,4698991.656338379,1408296.3418532736,1408296.3418532736,2600,2600,2348450.255549369,2449429.6167986905,100979.36124932177,10926.08379395849,71.23967720676274,0.0,1066.6666666666665,1900
235,19.583333333333332,3462976.682787398,154842.23776688782,104166.66666666618,4623925.141274409,4728091.807941075,1419957.3629205653,1419957.3629205653,2600,2600,2364912.795756258,2465260.560382714,100347.76462645613,10926.08379395849,71.23967720676274,0.0,1066.6666666666665,1900
236,19.666666666666668,3473477.2895556698,147849.15096062998,103333.33333333285,4653988.216610224,4757321.549943557,1431693.4113485173,1431693.4113485173,2600,2600,2381479.5137280435,2481193.360734427,99713.84700638351,10926.08379395849,71.23967720676274,0.0,1066.6666666666665,1900
237,19.75,3484009.7367758425,140833.17060789414,102499.99999999952,4684181.536033376,4786681.536033375,1443504.9698654271,1443504.9698654271,2600,2600,2398151.0733434577,2497228.6732033393,99077.59985988153,10926.08379395849,71.23967720676274,0.0,1066.6666666666665,1900
238,19.833333333333332,3494574.120996087,133794.2217611664,101666.66666666619,4714505.756873735,4816172.423540401,1455392.5243054808,1455392.5243054808,2600,2600,2414928.142729115,2513367.1573555,98439.0146263846,10926.08379395849,71.23967720676274,0.0,1066.6666666666665,1900
239,19.916666666666668,3505170.539057332,126732.22922757428,100833.33333333286,4744961.540125161,4845794.873458494,1467356.5636287362,1467356.5636287362,2600,2600,2431811.394286757,2529609.4770006253,97798.08271386863,10926.08379395849,71.23967720676274,0.0,1066.6666666666665,1900
240,20.0,3515799.088094153,119647.11756808334,99999.99999999953,4775549.550467305,4875549.550467304,1479397.5799412346,1479397.5799412346,2600,2600,2448801.5047206683,2545956.300219404,97154.7954987355,10926.08379395849,71.23967720676274,0.0,1066.6666666666665,1900
241,20.083333333333332,3526459.8655356606,112538.81109669141,99166.6666666662,4806270.456287546,4905437.122954212,1491516.0685152428,1491516.0685152428,2600,2600,2465827.915388072,2562337.059713769,96509.14432569702,11144.605469837661,0.0,-147.28199867240755,1066.6666666666665,1900
242,20.166666666666668,3537152.969106395,105407.23387962002,98333.33333333288,4837124.929703065,4935458.263036398,1503712.5278096239,1503712.5278096239,2600,2600,2482962.0930002863,2578823.2135079447,95861.12050765846,11144.605469837661,0.0,-147.28199867240755,1066.6666666666665,1900
243,20.25,3547878.4968272215,98252.30973450327,97499.99999999955,4868113.646583059,4965613.646583059,1515987.4594903404,1515987.4594903404,2600,2600,2500204.724386429,2595415.439712031,95210.71532560166,11144.605469837661,0.0,-147.28199867240755,1066.6666666666665,1900
244,20.333333333333332,3558636.5470162295,91073.96222957404,96666.66666666622,4899237.286571078,4995903.953237744,1528341.368451089,1528341.368451089,2600,2600,2517556.500770638,2612114.420799106,94557.92002846775,11144.605469837661,0.0,-147.28199867240755,1066.6666666666665,1900
245,20.416666666666668,3569427.218289633,83872.11468284747,95833.33333333289,4930496.533107519,5026329.866440852,1540774.762834067,1540774.762834067,2600,2600,2535018.1178002623,2628920.8436333016,93902.72583303937,11144.605469837661,0.0,-147.28199867240755,1066.6666666666665,1900
246,20.5,3580250.609562674,76646.69016130186,94999.99999999956,4961892.073452247,5056892.073452247,1553288.1540508748,1553288.1540508748,2600,2600,2552590.2755742315,2645835.399498054,93245.12392382251,11144.605469837661,0.0,-147.28199867240755,1066.6666666666665,1900
247,20.583333333333332,3591106.820050532,69397.61148005679,94166.66666666623,4993424.598707359,5087591.265374025,1565882.0568035496,1565882.0568035496,2600,2600,2570273.6786716096,2662858.7841245374,92585.10545292792,11144.605469837661,0.0,-147.28199867240755,1066.6666666666665,1900
248,20.666666666666668,3601995.94926923,62124.80120154863,93333.3333333329,5025094.803840086,5118428.13717342,1578556.9891057378,1578556.9891057378,2600,2600,2588069.03618033,2679991.697720282,91922.66153995202,11144.605469837661,0.0,-147.28199867240755,1066.6666666666665,1900
249,20.75,3612918.0970365494,54828.18163470334,92499.99999999958,5056903.387705848,5149403.387705847,1591313.4723040005,1591313.4723040005,2600,2600,2605977.0617261156,2697234.844997973,91257.78327185746,11144.605469837661,0.0,-147.28199867240755,1066.6666666666665,1900
250,20.833333333333332,3623873.363472943,47507.674834106496,91666.66666666625,5088851.053071429,5180517.719738095,1604152.0310992585,1604152.0310992585,2600,2600,2623998.4735015878,2714588.9352044407,90590.46170285316,11144.605469837661,0.0,-147.28199867240755,1066.6666666666665,1900
251,20.916666666666668,3634861.8490024544,40163.20259917068,90833.33333333292,5120938.506638325,5211771.839971658,1617073.1935683743,1617073.1935683743,2600,2600,2642133.9942955542,2732054.6821498284,89920.68785427397,11144.605469837661,0.0,-147.28199867240755,1066.6666666666665,1900
252,21.0,3645883.6543536377,32794.686473300106,89999.99999999959,5153166.45906621,5243166.45906621,1630077.4911858726,1630077.4911858726,2600,2600,2660384.3515224964,2749632.8042369564,89248.45271445985,11144.605469837661,0.0,-147.28199867240755,1066.6666666666665,1900
253,21.083333333333332,3656938.880560481,25402.04774305249,89166.66666666626,5185535.624996563,5274702.291663229,1643165.4588458014,1643165.4588458014,2600,2600,2678750.2772522354,2767324.02449087,88573.74723863465,11367.497579234414,0.0,-370.1741080691604,1066.6666666666665,1900
254,21.166666666666668,3668027.6289633326,17985.20743729824,88333.33333333294,5218046.723076435,5306380.056409767,1656337.634883733,1656337.634883733,2600,2600,2697232.508239796,2785129.0705885803,87896.56234878435,11367.497579234414,0.0,-370.1741080691604,1066.6666666666665,1900
255,21.25,3679150.00120983,10544.086326376822,87499.9999999996,5250700.475982361,5338200.47598236,1669594.561098907,1669594.561098907,2600,2600,2715831.785955458,2803048.674888993,87216.888933535,11367.497579234414,0.0,-370.1741080691604,1066.6666666666665,1900
256,21.333333333333332,3690306.099255831,3078.604921250422,86666.66666666628,5283497.610444429,5370164.277111095,1682936.7827765152,1682936.7827765152,2600,2600,2734548.856615004,2821083.574463034,86534.71784803005,11367.497579234414,0.0,-370.1741080691604,1066.6666666666665,1900
257,21.416666666666668,3701496.02536635,0.0,85833.33333333295,5312027.540743149,5397860.874076482,1696364.8487101316,1696364.8487101316,2600,2600,2753384.471210158,2839234.5111239655,85850.03991380738,11367.497579234414,0.0,-370.1741080691604,5477.983194011874,6311.316527345207
258,21.5,3712719.882116494,0.0,84999.99999999962,5337599.193340778,5422599.193340777,1709879.3112242839,1709879.3112242839,2600,2600,2772339.385539222,2857502.231457898,85162.84591867577,11367.497579234414,0.0,-370.1741080691604,8566.666666666666,9400.0
259,21.583333333333332,3723977.7723924024,0.0,84166.6666666663,5363291.831922909,5447458.498589575,1723480.726197173,1723480.726197173,2600,2600,2791414.360237909,2875887.4868545,84473.12661659092,11367.497579234414,0.0,-370.1741080691604,8566.666666666666,9400.0
260,21.666666666666668,3735269.799392192,0.0,83333.33333333296,5389106.119142395,5472439.4524757285,1737169.653083536,1737169.653083536,2600,2600,2810610.1608103733,2894391.0335379043,83780.87272753111,11367.497579234414,0.0,-370.1741080691604,8566.666666666666,9400.0
261,21.75,3746596.066626902,0.0,82499.99999999964,5415042.721564563,5497542.721564562,1750946.6549376599,1750946.6549376599,2600,2600,2829927.5576604386,2913013.632597811,83086.0749373723,11367.497579234414,0.0,-370.1741080691604,8566.666666666666,9400.0
262,21.833333333333332,3757956.6779214423,0.0,81666.66666666631,5441102.309691315,5522768.976357981,1764812.2984365385,1764812.2984365385,2600,2600,2849367.326123033,2931756.050020796,82388.7238977628,11367.497579234414,0.0,-370.1741080691604,8566.666666666666,9400.0
263,21.916666666666668,3769351.7374155456,0.0,80833.33333333298,5467285.557985396,5548118.891318729,1778767.1539031835,1778767.1539031835,2600,2600,2868930.246495817,2950619.0567218144,81688.81022599754,11367.497579234414,0.0,-370.1741080691604,8566.666666666666,9400.0
264,22.0,3780781.3495647227,0.0,79999.99999999965,5493593.144894805,5573593.144894805,1792811.7953300816,1792811.7953300816,2600,2600,2888617.1040710206,2969603.4285759125,80986.32450489179,11367.497579234414,0.0,-370.1741080691604,8566.666666666666,9400.0
265,22.083333333333332,3792245.619141219,0.0,79166.66666666632,5520025.752877357,5599192.419544024,1806946.8004028047,1806946.8004028047,2600,2600,2908428.689167485,2988709.9464501394,80281.25728265445,11594.847530819103,0.0,-597.5240596538492,8566.666666666666,9400.0
266,22.166666666666668,3803744.651234976,0.0,78333.333333333,5546584.068425413,5624917.401758747,1821172.7505237707,1821172.7505237707,2600,2600,2928365.7971629053,3007939.3962356662,79573.59907276089,11594.847530819103,0.0,-597.5240596538492,8566.666666666666,9400.0
267,22.25,3815278.551254594,0.0,77499.99999999967,5573268.782090752,5650768.782090752,1835490.2308361584,1835490.2308361584,2600,2600,2948429.228526287,3027292.568880112,78863.3403538253,11594.847530819103,0.0,-597.5240596538492,8566.666666666666,9400.0
268,22.333333333333332,3826847.424928297,0.0,76666.66666666634,5600080.588509606,5676747.255176272,1849899.8302479754,1849899.8302479754,2600,2600,2968619.7888506036,3046770.260420076,78150.47156947263,11594.847530819103,0.0,-597.5240596538492,8566.666666666666,9400.0
269,22.416666666666668,3838451.3783049053,0.0,75833.33333333301,5627020.186427853,5702853.519761186,1864402.141456281,1864402.141456281,2600,2600,2988938.2888856716,3066373.2720138817,77434.98312820995,11594.847530819103,0.0,-597.5240596538492,8566.666666666666,9400.0
270,22.5,3850090.5177548043,0.0,74999.99999999968,5654088.278726371,5729088.27872637,1878997.7609715657,1878997.7609715657,2600,2600,3009385.5445712316,3086102.409974529,76716.86540329742,11594.847530819103,0.0,-597.5240596538492,8566.666666666666,9400.0
271,22.583333333333332,3861764.9499709215,0.0,74166.66666666635,5681285.572446541,5755452.239113207,1893687.2891422857,1893687.2891422857,2600,2600,3029962.37707024,3105958.485802859,75996.10873261876,11594.847530819103,0.0,-597.5240596538492,8566.666666666666,9400.0
272,22.666666666666668,3873474.7819697037,0.0,73333.33333333302,5708612.778815929,5781946.112149262,1908471.330179558,1908471.330179558,2600,2600,3050669.6128023844,3125942.3162209354,75272.70341855125,11594.847530819103,0.0,-597.5240596538492,8566.666666666666,9400.0
273,22.75,3885220.1210920983,0.0,72499.9999999997,5736070.6132741105,5808570.61327411,1923350.4921820115,1923350.4921820115,2600,2600,3071508.0834778,3146054.723205635,74546.63972783528,11594.847530819103,0.0,-597.5240596538492,8566.666666666666,9400.0
274,22.833333333333332,3897001.0750045367,0.0,71666.66666666637,5763659.795498671,5835326.462165337,1938325.3871608004,1938325.3871608004,2600,2600,3092478.626131015,3166296.5340224584,73817.90789144336,11594.847530819103,0.0,-597.5240596538492,8566.666666666666,9400.0
275,22.916666666666668,3908817.7516999217,0.0,70833.33333333304,5791381.049431366,5862214.382764699,1953396.631064777,1953396.631064777,2600,2600,3113582.0831551095,3186668.5812595584,73086.49810444866,11594.847530819103,0.0,-597.5240596538492,8566.666666666666,9400.0
276,23.0,3920670.259498618,0.0,69999.99999999971,5819235.103304446,5889235.103304445,1968564.843805827,1968564.843805827,2600,2600,3134819.302336091,3207171.7028619843,72352.40052589314,11594.847530819103,0.0,-597.5240596538492,8566.666666666666,9400.0
277,23.083333333333332,3932558.707049445,0.0,69166.66666666638,5847222.689667147,5916389.356333813,1983830.649284368,1983830.649284368,2600,2600,3156191.1368874945,3227806.7421661494,71615.60527865512,11826.744481435486,0.0,-829.4210102702323,8566.666666666666,9400.0
278,23.166666666666668,3944483.203330671,0.0,68333.33333333305,5875344.545412349,5943677.878745683,1999194.6754150111,1999194.6754150111,2600,2600,3177698.445485202,3248574.5479345187,70876.10244931634,11826.744481435486,0.0,-829.4210102702323,8566.666666666666,9400.0
279,23.25,3956443.8576510143,0.0,67499.99999999972,5903601.411803405,5971101.411803404,2014657.5541523898,2014657.5541523898,2600,2600,3199342.0923024914,3269475.9743905202,70133.88208802867,11826.744481435486,0.0,-829.4210102702323,8566.666666666666,9400.0
280,23.333333333333332,3968440.7796506444,0.0,66666.6666666664,5931994.03450113,5998660.701167797,2030219.921517152,2030219.921517152,2600,2600,3221122.9470453016,3290511.8812536816,69388.93420838013,11826.744481435486,0.0,-829.4210102702323,8566.666666666666,9400.0
281,23.416666666666668,3980474.079302187,0.0,65833.33333333307,5960523.163590976,6026356.496924309,2045882.4176221222,2045882.4176221222,2600,2600,3243041.884987731,3311683.1337749916,68641.24878726063,11826.744481435486,0.0,-829.4210102702323,8566.666666666666,9400.0
282,23.5,3992543.8669117326,0.0,64999.99999999973,5989189.553610362,6054189.553610362,2061645.6866986295,2061645.6866986295,2600,2600,3265099.7870077635,3332990.6027724906,67890.81576472703,11826.744481435486,0.0,-829.4210102702323,8566.666666666666,9400.0
283,23.583333333333332,4004650.2531198463,0.0,64166.666666666395,6017993.963576187,6082160.630242853,2077510.3771230073,2077510.3771230073,2600,2600,3287297.5396232195,3354435.164667087,67137.62504386783,11826.744481435486,0.0,-829.4210102702323,8566.666666666666,9400.0
284,23.666666666666668,4016793.3489025836,0.0,63333.33333333306,6046937.157012512,6110270.490345845,2093477.1414432614,2093477.1414432614,2600,2600,3309636.035027942,3376017.7015186097,66381.66649066728,11826.744481435486,0.0,-829.4210102702323,8566.666666666666,9400.0
285,23.75,4028973.2655725065,0.0,62499.99999999972,6076019.901978418,6138519.901978418,2109546.6364059113,2109546.6364059113,2600,2600,3332116.1711282157,3397739.101062085,65622.92993386909,11826.744481435486,0.0,-829.4210102702323,8566.666666666666,9400.0
286,23.833333333333332,4041190.1147797047,0.0,61666.66666666639,6105242.971096042,6166909.637762709,2125719.5229830034,2125719.5229830034,2600,2600,3354738.8515794147,3419600.2567442544,64861.40516483953,11826.744481435486,0.0,-829.4210102702323,8566.666666666666,9400.0
287,23.916666666666668,4053444.008512819,0.0,60833.33333333305,6134607.141578784,6195440.474912117,2141996.466399298,2141996.466399298,2600,2600,3377504.9858228923,3441602.0677603222,64097.081937430085,11826.744481435486,0.0,-829.4210102702323,8566.666666666666,9400.0
288,24.0,4065735.0591000677,0.0,59999.999999999716,6164113.1952597,6224113.1952597,2158378.136159632,2158378.136159632,2600,2600,3400415.4891231023,3463745.439090942,63329.94996783958,11826.744481435486,0.0,-829.4210102702323,8566.666666666666,9400.0
289,24.083333333333332,4078063.379210275,0.0,59166.66666666638,6193761.918620065,6252928.585286731,2174865.2060764562,2174865.2060764562,2600,2600,3423471.2826049645,3486031.28153944,62559.99893447585,12063.279371064196,0.0,-1065.9558998989428,8566.666666666666,9400.0
290,24.166666666666668,4090429.0818539066,0.0,58333.333333333045,6223554.102818124,6281887.436151458,2191458.354297551,2191458.354297551,2600,2600,3446673.293291462,3508460.511769279,61787.21847781684,12063.279371064196,0.0,-1065.9558998989428,8566.666666666666,9400.0
291,24.25,4102832.280384103,0.0,57499.99999999971,6253490.543718023,6310990.543718023,2208158.26333392,2208158.26333392,2600,2600,3470022.454141489,3531034.0523417606,61011.59820027122,12063.279371064196,0.0,-1065.9558998989428,8566.666666666666,9400.0
292,24.333333333333332,4115273.0884977193,0.0,56666.66666666637,6283572.041918917,6340238.708585583,2224965.6200878634,2224965.6200878634,2600,2600,3493519.7040879363,3553752.831753975,60233.127666038505,12063.279371064196,0.0,-1065.9558998989428,8566.666666666666,9400.0
293,24.416666666666668,4127751.6202363693,0.0,55833.33333333304,6313799.402784267,6369632.7361176,2241881.115881231,2241881.115881231,2600,2600,3517165.9880760214,3576617.78447699,59451.79640096863,12063.279371064196,0.0,-1065.9558998989428,8566.666666666666,9400.0
294,24.5,4140267.989987468,0.0,54999.9999999997,6344173.436471327,6399173.436471326,2258905.446483859,2258905.446483859,2600,2600,3540962.2571018673,3599629.8509942885,58667.59389242103,12063.279371064196,0.0,-1065.9558998989428,8566.666666666666,9400.0
295,24.583333333333332,4152822.312485282,0.0,54166.666666666366,6374694.957960802,6428861.624627469,2276039.312142187,2276039.312142187,2600,2600,3564909.46825133,3622789.977840453,57880.50958912316,12063.279371064196,0.0,-1065.9558998989428,8566.666666666666,9400.0
296,24.666666666666668,4165414.70281198,0.0,53333.33333333303,6405364.7870867085,6458698.1204200415,2293283.4176080613,2293283.4176080613,2600,2600,3589008.5847390685,3646099.117640097,57090.5329010286,12063.279371064196,0.0,-1065.9558998989428,8566.666666666666,9400.0
297,24.75,4178045.2763986904,0.0,52499.999999999694,6436183.748566414,6488683.748566413,2310638.4721677233,2310638.4721677233,2600,2600,3613260.575947876,3669558.2291470505,56297.65319917451,12063.279371064196,0.0,-1065.9558998989428,8566.666666666666,9400.0
298,24.833333333333332,4190714.149026555,0.0,51666.66666666636,6467152.672030872,6518819.338697538,2328105.189670983,2328105.189670983,2600,2600,3637666.417468255,3693168.2772837933,55501.85981553862,12063.279371064196,0.0,-1065.9558998989428,8566.666666666666,9400.0
299,24.916666666666668,4203421.436827795,0.0,50833.33333333302,6498272.392055042,6549105.725388376,2345684.288560581,2345684.288560581,2600,2600,3662227.091138251,3716930.233181147,54703.14204289574,12063.279371064196,0.0,-1065.9558998989428,8566.666666666666,9400.0
300,25.0,4216167.256286771,0.0,49999.99999999969,6529543.748188513,6579543.748188512,2363376.491901742,2363376.491901742,2600,2600,3686943.585083543,3740845.0742182164,53901.48913467366,12063.279371064196,0.0,-1065.9558998989428,8566.666666666666,9400.0
301,25.083333333333332,4228951.7242410565,0.0,49166.66666666635,6560967.584986302,6610134.251652969,2381182.527411912,2381182.527411912,2600,2600,3711816.8937577857,3764913.784062594,53096.89030480856,12304.54495848548,0.0,-1307.221487320226,8566.666666666666,9400.0
302,25.166666666666668,4241774.957882502,0.0,48333.333333333016,6592544.752039864,6640878.085373197,2399103.1274906946,2399103.1274906946,2600,2600,3736848.01798322,3789137.35271082,52289.33472759989,12304.54495848548,0.0,-1307.221487320226,8566.666666666666,9400.0
303,25.25,4254637.074758315,0.0,47499.99999999968,6624276.104008289,6671776.104008289,2417139.029249973,2417139.029249973,2600,2600,3762037.964991535,3813516.7765291,51478.81153756472,12304.54495848548,0.0,-1307.221487320226,8566.666666666666,9400.0
304,25.333333333333332,4267538.192772136,0.0,46666.666666666344,6656162.500649702,6702829.167316368,2435290.974544232,2435290.974544232,2600,2600,3787387.7484649997,3838053.058294291,50665.30982929153,12304.54495848548,0.0,-1307.221487320226,8566.666666666666,9400.0
305,25.416666666666668,4280478.430185116,0.0,45833.33333333301,6688204.806852852,6734038.140186185,2453559.710001069,2453559.710001069,2600,2600,3812898.388577854,3862747.2072351472,49848.818657293516,12304.54495848548,0.0,-1307.221487320226,8566.666666666666,9400.0
306,25.5,4293457.905617005,0.0,44999.99999999967,6720403.892668912,6765403.892668912,2471945.9870519075,2471945.9870519075,2600,2600,3838570.9120379686,3887600.2390738297,49029.327035861264,12304.54495848548,0.0,-1307.221487320226,8566.666666666666,9400.0
307,25.583333333333332,4306476.738047238,0.0,44166.66666666634,6752760.633343474,6796927.30001014,2490450.5619629016,2490450.5619629016,2600,2600,3864406.352128772,3912613.176067687,48206.823938915,12304.54495848548,0.0,-1307.221487320226,8566.666666666666,9400.0
308,25.666666666666668,4319535.046816025,0.0,43333.333333333,6785275.909348737,6828609.242682071,2509074.195866046,2509074.195866046,2600,2600,3890405.7487514466,3937787.0470513026,47381.29829985618,12304.54495848548,0.0,-1307.221487320226,8566.666666666666,9400.0
309,25.75,4332632.951625443,0.0,42499.999999999665,6817950.606415924,6860450.606415924,2527817.6547904806,2527817.6547904806,2600,2600,3916570.1484673936,3963122.887478812,46552.73901141865,12304.54495848548,0.0,-1307.221487320226,8566.666666666666,9400.0
310,25.833333333333332,4345770.572540538,0.0,41666.66666666633,6850785.615567873,6892452.282234539,2546681.709694001,2546681.709694001,2600,2600,3942900.6045409753,3988621.7394664944,45721.134925519145,12304.54495848548,0.0,-1307.221487320226,8566.666666666666,9400.0
311,25.916666666666668,4358948.0299904235,0.0,40833.333333332994,6883781.833151857,6924615.16648519,2565667.136494767,2565667.136494767,2600,2600,3969398.176982529,4014284.6518356362,44886.47485310734,12304.54495848548,0.0,-1307.221487320226,8566.666666666666,9400.0
312,26.0,4372165.4447693825,0.0,39999.99999999966,6916940.160872603,6956940.160872603,2584774.7161032204,2584774.7161032204,2600,2600,3996063.9325916558,4040112.680155671,44048.74756401527,12304.54495848548,0.0,-1307.221487320226,8566.666666666666,9400.0
313,26.083333333333332,4385422.938037976,0.0,39166.66666666632,6950261.505825514,6989428.17249218,2604005.234454204,2604005.234454204,2600,2600,4022898.9450007933,4066106.8867875994,43207.94178680624,12550.635857655188,0.0,-1553.3123864899349,8566.666666666666,9400.0
314,26.166666666666668,4398720.631324155,0.0,38333.33333333299,6983746.780530111,7022080.113863444,2623359.4825392887,2623359.4825392887,2600,2600,4049904.29471906,4092268.3409276833,42364.04620862318,12550.635857655188,0.0,-1553.3123864899349,8566.666666666666,9400.0
315,26.25,4412058.646524373,0.0,37499.99999999965,7017396.902963683,7054896.902963683,2642838.2564393096,2642838.2564393096,2600,2600,4077081.0691763894,4118598.118651426,41517.04947503642,12550.635857655188,0.0,-1553.3123864899349,8566.666666666666,9400.0
316,26.333333333333332,4425437.105904705,0.0,36666.666666666315,7051212.796595148,7087879.463261814,2662442.357357109,2662442.357357109,2600,2600,4104430.362767942,4145097.302957833,40666.94018989094,12550.635857655188,0.0,-1553.3123864899349,8566.666666666666,9400.0
317,26.416666666666668,4438856.132101965,0.0,35833.33333333298,7085195.390419126,7121028.723752458,2682172.591650493,2682172.591650493,2600,2600,4131953.276898804,4171766.9838139573,39813.70691515301,12550.635857655188,0.0,-1553.3123864899349,8566.666666666666,9400.0
318,26.5,4452315.848124835,0.0,34999.99999999964,7119345.618990233,7154345.618990233,2702029.770865398,2702029.770865398,2600,2600,4159650.9200289785,4198608.258199735,38957.3381707563,12550.635857655188,0.0,-1553.3123864899349,8566.666666666666,9400.0
319,26.583333333333332,4465816.377354986,0.0,34166.66666666631,7153664.422457592,7187831.089124258,2722014.7117692716,2722014.7117692716,2600,2600,4187524.4077186533,4225622.230153101,38097.82243444745,12550.635857655188,0.0,-1553.3123864899349,8566.666666666666,9400.0
320,26.666666666666668,4479357.843548218,0.0,33333.33333333297,7188152.746599552,7221486.079932885,2742128.2363846675,2742128.2363846675,2600,2600,4215574.862673774,4252810.010815405,37235.14814163099,12550.635857655188,0.0,-1553.3123864899349,8566.666666666666,9400.0
321,26.75,4492940.370835585,0.0,32499.99999999964,7222811.542858642,7255311.542858642,2762371.172023057,2762371.172023057,2600,2600,4243803.4147919025,4280172.718477116,36369.30368521377,12550.635857655188,0.0,-1553.3123864899349,8566.666666666666,9400.0
322,26.833333333333332,4506564.083724539,0.0,31666.666666666308,7257641.768376732,7289308.435043398,2782744.351318859,2782744.351318859,2600,2600,4272211.201208364,4307711.478623813,35500.277415448785,12550.635857655188,0.0,-1553.3123864899349,8566.666666666666,9400.0
323,26.916666666666668,4520229.10710007,0.0,30833.333333332976,7292644.386030424,7323477.7193637565,2803248.6122636865,2803248.6122636865,2600,2600,4300799.366342708,4335427.423982486,34628.057639778446,12550.635857655188,0.0,-1553.3123864899349,8566.666666666666,9400.0
324,27.0,4533935.566225851,0.0,29999.999999999643,7327820.364466667,7357820.364466667,2823884.798240816,2823884.798240816,2600,2600,4329569.061945447,4363321.694568124,33752.63262267723,12550.635857655188,0.0,-1553.3123864899349,8566.666666666666,9400.0
325,27.083333333333332,4547683.586745382,0.0,29166.66666666631,7363170.678138595,7392337.344805261,2844653.7580598784,2844653.7580598784,2600,2600,4358521.447145112,4391395.437730606,32873.99058549379,12801.648574808294,0.0,-1804.3251036430406,8566.666666666666,9400.0
326,27.166666666666668,4561473.29468315,0.0,28333.33333333298,7398696.307341587,7427029.640674921,2865556.3459917703,2865556.3459917703,2600,2600,4387657.688495603,4419649.808201896,31992.11970629249,12801.648574808294,0.0,-1804.3251036430406,8566.666666666666,9400.0
327,27.25,4575304.816445776,0.0,27499.999999999647,7434398.238249569,7461898.238249569,2886593.421803793,2886593.421803793,2600,2600,4416978.960023844,4448085.968143538,31107.008119694332,12801.648574808294,0.0,-1804.3251036430406,8566.666666666666,9400.0
328,27.333333333333332,4589178.27882318,0.0,26666.666666666315,7470277.46295153,7496944.129618196,2907765.850795016,2907765.850795016,2600,2600,4446486.443277739,4476705.087194457,30218.643916717305,12801.648574808294,0.0,-1804.3251036430406,8566.666666666666,9400.0
329,27.416666666666668,4603093.808989739,0.0,25833.333333332983,7506334.979488277,7532168.31282161,2929074.503831871,2929074.503831871,2600,2600,4476181.327374455,4505508.342519071,29327.015144616165,12801.648574808294,0.0,-1804.3251036430406,8566.666666666666,9400.0
330,27.5,4617051.534505455,0.0,24999.99999999965,7542571.7918894235,7567571.7918894235,2950520.2573839687,2950520.2573839687,2600,2600,4506064.809048988,4534496.91885571,28432.109806721608,12801.648574808294,0.0,-1804.3251036430406,8566.666666666666,9400.0
331,27.583333333333332,4631051.583317122,0.0,24166.66666666632,7578988.9102106085,7603155.576877275,2972103.993560152,2972103.993560152,2600,2600,4536138.092703067,4563672.008565346,27533.915862278856,12801.648574808294,0.0,-1804.3251036430406,8566.666666666666,9400.0
332,27.666666666666668,4645094.083759503,0.0,23333.333333332987,7615587.350570951,7638920.683904283,2993826.60014478,2993826.60014478,2600,2600,4566402.39045435,4593034.811680635,26632.421226285653,12801.648574808294,0.0,-1804.3251036430406,8566.666666666666,9400.0
333,27.75,4659179.164556503,0.0,22499.999999999654,7652368.135190744,7674868.135190744,3015688.9706342407,3015688.9706342407,2600,2600,4596858.922185953,4622586.535955283,25727.613769329655,12801.648574808294,0.0,-1804.3251036430406,8566.666666666666,9400.0
334,27.833333333333332,4673306.954822349,0.0,21666.666666666322,7689332.292429389,7710998.9590960555,3037692.0042737066,3037692.0042737066,2600,2600,4627508.9155962905,4652328.396913716,24819.481317425252,12801.648574808294,0.0,-1804.3251036430406,8566.666666666666,9400.0
335,27.916666666666668,4687477.584062776,0.0,20833.33333333299,7726480.856823563,7747314.190156896,3059836.60609412,3059836.60609412,2600,2600,4658353.606249233,4682261.617901082,23908.01165184975,12801.648574808294,0.0,-1804.3251036430406,8566.666666666666,9400.0
336,28.0,4701691.18217621,0.0,19999.999999999658,7763814.869125631,7783814.869125631,3082123.6869494203,3082123.6869494203,2600,2600,4689394.237624592,4712387.430133571,22993.192508978977,12801.648574808294,0.0,-1804.3251036430406,8566.666666666666,9400.0
337,28.083333333333332,4715947.879454964,0.0,19166.666666666326,7801335.376342306,7820502.043008972,3104554.1635540077,3104554.1635540077,2600,2600,4720632.06116893,4742707.072749052,22075.011580122282,13057.68154630446,0.0,-2060.358075139207,8566.666666666666,9400.0
338,28.166666666666668,4730247.8065864295,0.0,18333.333333332994,7839043.431773547,7857376.76510688,3127128.9585204506,3127128.9585204506,2600,2600,4752068.336346689,4773221.792858046,21153.456511356922,13057.68154630446,0.0,-2060.358075139207,8566.666666666666,9400.0
339,28.25,4744591.094654273,0.0,17499.99999999966,7876940.095051708,7894440.095051708,3149849.000397435,3149849.000397435,2600,2600,4783704.330691657,4803932.845595019,20228.514903361844,13057.68154630446,0.0,-2060.358075139207,8566.666666666666,9400.0
340,28.333333333333332,4758977.875139642,0.0,16666.66666666633,7915026.432180932,7931693.098847598,3172715.2237079563,3172715.2237079563,2600,2600,4815541.3198587615,4834841.494170012,19300.17431125085,13057.68154630446,0.0,-2060.358075139207,8566.666666666666,9400.0
341,28.416666666666668,4773408.279922363,0.0,15833.333333332996,7953303.515576789,7969136.848910123,3195728.5689877593,3195728.5689877593,2600,2600,4847580.587676191,4865949.009920596,18368.42224440516,13057.68154630446,0.0,-2060.358075139207,8566.666666666666,9400.0
342,28.5,4787882.441282161,0.0,14999.999999999662,7991772.424106185,8006772.424106185,3218889.9828240247,3218889.9828240247,2600,2600,4879823.426197861,4897256.672364167,17433.246166305347,13057.68154630446,0.0,-2060.358075139207,8566.666666666666,9400.0
343,28.583333333333332,4802400.491899859,0.0,14166.666666666328,8030434.243127496,8044600.909794162,3242200.417894303,3242200.417894303,2600,2600,4912271.135756211,4928765.769250574,16494.63349436267,13057.68154630446,0.0,-2060.358075139207,8566.666666666666,9400.0
344,28.666666666666668,4816962.564858608,0.0,13333.333333332994,8069290.064530976,8082623.397864308,3265660.8330057007,3265660.8330057007,2600,2600,4944925.025015336,4960477.596615086,15552.57159974977,13057.68154630446,0.0,-2060.358075139207,8566.666666666666,9400.0
345,28.75,4831568.793645096,0.0,12499.99999999966,8108340.986779414,8120840.986779414,3289272.193134318,3289272.193134318,2600,2600,4977786.411024475,4992393.458831705,14607.04780723075,13057.68154630446,0.0,-2060.358075139207,8566.666666666666,9400.0
346,28.833333333333332,4846219.312150778,0.0,11666.666666666326,8147588.114949053,8159254.781615719,3313035.4694649414,3313035.4694649414,2600,2600,5010856.619271822,5024514.668666813,13658.049394990645,13057.68154630446,0.0,-2060.358075139207,8566.666666666666,9400.0
347,28.916666666666668,4860914.2546731,0.0,10833.333333332992,8187032.560770756,8197865.894104088,3336951.639430988,3336951.639430988,2600,2600,5044136.983738705,5056842.547333169,12705.56359446424,13057.68154630446,0.0,-2060.358075139207,8566.666666666666,9400.0
348,29.0,4875653.755916731,0.0,9999.999999999658,8226675.442671444,8236675.442671444,3361021.6867547124,3361021.6867547124,2600,2600,5077628.846954092,5089378.424544257,11749.57759016428,13057.68154630446,0.0,-2060.358075139207,8566.666666666666,9400.0
349,29.083333333333332,4890437.9509948,0.0,9166.666666666324,8266517.885815801,8275684.552482467,3385246.601487667,3385246.601487667,2600,2600,5111333.560049468,5122123.638568977,10790.07851950903,13318.835177230549,0.0,-2321.511706065295,8566.666666666666,9400.0
350,29.166666666666668,4905266.975430129,0.0,8333.33333333299,8306561.022148222,8314894.355481554,3409627.380051425,3409627.380051425,2600,2600,5145252.482814041,5155079.53628669,9827.053472649226,13318.835177230549,0.0,-2321.511706065295,8566.666666666666,9400.0
351,29.25,4920140.965156483,0.0,7499.999999999657,8346805.990435052,8354305.990435052,3434165.0252785683,3434165.0252785683,2600,2600,5179386.983750327,5188247.473242621,8860.489492294366,13318.835177230549,0.0,-2321.511706065295,8566.666666666666,9400.0
352,29.333333333333332,4935060.05651981,0.0,6666.666666666324,8387253.936307075,8393920.60297374,3458860.5464539314,3458860.5464539314,2600,2600,5213738.440130075,5221628.813703613,7890.373573538374,13318.835177230549,0.0,-2321.511706065295,8566.666666666666,9400.0
353,29.416666666666668,4950024.386279493,0.0,5833.333333332991,8427906.01230228,8433739.345635612,3483714.959356119,3483714.959356119,2600,2600,5248308.23805056,5255224.930714244,6916.692663684626,13318.835177230549,0.0,-2321.511706065295,8566.666666666666,9400.0
354,29.5,4965034.091609602,0.0,4999.999999999658,8468763.377908887,8473763.377908887,3508729.2862992855,3508729.2862992855,2600,2600,5283097.772491231,5289037.206153301,5939.43366207032,13318.835177230549,0.0,-2321.511706065295,8566.666666666666,9400.0
355,29.583333333333332,4980089.310100156,0.0,4166.666666666325,8509827.199608676,8513993.866275342,3533904.556175186,3533904.556175186,2600,2600,5318108.447370729,5323067.03079062,4958.583419890221,13318.835177230549,0.0,-2321.511706065295,8566.666666666666,9400.0
356,29.666666666666668,4995190.179758378,0.0,3333.3333333329915,8551098.65092054,8554431.984253874,3559241.8044954953,3559241.8044954953,2600,2600,5353341.675604273,5357315.804344293,3974.1287400197375,13318.835177230549,0.0,-2321.511706065295,8566.666666666666,9400.0
357,29.75,5010336.839009967,0.0,2499.999999999658,8592578.912444368,8595078.912444368,3584742.0734344022,3584742.0734344022,2600,2600,5388798.8791614035,5391784.935538241,2986.0563768373618,13318.835177230549,0.0,-2321.511706065295,8566.666666666666,9400.0
358,29.833333333333332,5025529.426700359,0.0,1666.6666666663245,8634269.171905167,8635935.838571835,3610406.411871475,3610406.411871475,2600,2600,5424481.489124111,5426475.842160157,1994.3530360464515,13318.835177230549,0.0,-2321.511706065295,8566.666666666666,9400.0
359,29.916666666666668,5040768.082096007,0.0,833.3333333329912,8676170.62419748,8677003.957530811,3636235.8754348056,3636235.8754348056,2600,2600,5460390.945745325,5461389.9511198215,999.0053744963584,13318.835177230549,0.0,-2321.511706065295,8566.666666666666,9400.0
360,30.0,5056052.9448856525,0.0,0.0,8718284.47143008,8718284.47143008,3662231.526544428,3662231.526544428,2600,2600,5496528.698507794,5496528.698507797,2.898104867199436e-09,13318.835177230549,0.0,-2321.511706065295,8566.666666666666,9400.0
